fixed acidity,volatile acidity,citric acid,residual sugar,chlorides,free sulfur dioxide,total sulfur dioxide,density,pH,sulphates,alcohol,quality
8.65,0.412,0.2,2.37,0.166,8.7,31.3,0.99922,3.36,0.59,9.4,5
8.98,0.702,0.18,2.67,0.082,18.3,62.9,0.99803,3.13,0.55,9.1,5
8.55,0.589,0.07,2.74,0.146,22.4,61.0,0.99579,3.45,0.69,10.3,5
8.74,0.6,0.22,2.35,0.075,4.0,7.7,0.99904,3.25,0.77,9.4,6
7.65,0.452,0.34,2.88,0.236,19.4,69.6,0.9963,3.25,0.63,11.1,5
8.97,0.58,0.4,1.1,0.124,15.9,56.4,0.99821,3.16,0.76,8.9,5
8.69,0.406,0.11,1.84,0.079,30.9,70.4,0.99848,3.32,0.7,9.1,6
9.55,0.36,0.59,2.16,0.238,11.3,39.3,0.99983,3.3,0.63,8.8,6
6.52,0.545,0.28,1.32,0.051,3.4,6.0,0.99945,3.3,0.58,9.1,5
7.99,0.693,0.17,1.38,0.136,15.4,26.5,0.99589,3.23,0.51,10.2,6
10.83,0.389,0.16,2.17,0.089,11.1,34.3,0.99692,3.28,1.07,11.3,6
10.74,0.47,0.2,3.87,0.143,21.2,64.2,0.99767,3.26,0.51,9.9,6
11.62,0.365,0.0,4.19,0.148,14.5,43.7,0.99694,3.38,0.65,9.3,6
5.59,0.66,0.26,1.84,0.149,9.4,32.9,0.99542,3.31,0.54,11.2,6
8.59,0.543,0.29,3.39,0.061,19.4,68.5,0.99465,3.18,0.51,10.9,6
9.32,0.316,0.2,2.44,0.152,7.1,15.1,0.99873,3.45,0.62,10.3,5
8.38,0.666,0.0,1.07,0.159,17.3,50.1,0.99881,3.1,0.73,8.4,5
10.97,0.586,0.11,2.16,0.132,6.9,15.4,0.99815,3.33,0.61,8.7,6
7.02,0.644,0.18,2.29,0.057,16.7,43.4,0.99648,3.3,0.67,10.2,7
7.76,0.612,0.21,2.08,0.09,13.7,40.4,0.99525,3.45,0.59,11.7,6
8.84,0.599,0.05,1.93,0.129,8.8,29.5,0.998,3.49,0.58,9.8,4
8.84,0.565,0.42,2.3,0.129,13.4,37.4,0.9966,3.29,0.67,10.2,7
7.12,0.588,0.2,2.36,0.177,16.8,34.5,0.9994,3.21,0.72,8.9,5
8.9,0.368,0.24,1.74,0.161,13.0,46.4,0.99918,3.12,0.67,8.4,5
9.97,0.748,0.09,1.39,0.074,16.2,57.3,0.99414,3.3,0.81,10.7,7
11.03,0.542,0.55,2.28,0.171,19.4,46.0,0.99841,3.33,0.51,9.6,5
11.45,0.467,0.04,2.41,0.163,26.9,90.2,0.9963,3.17,0.87,10.9,6
8.27,0.332,0.25,2.58,0.126,6.2,6.0,0.99399,3.29,0.66,11.8,6
9.42,0.539,0.34,1.74,0.145,30.2,74.6,0.99682,3.36,0.33,10.4,5
7.31,0.78,0.56,2.05,0.172,30.5,100.1,0.99871,3.33,0.64,9.5,6
7.24,0.436,0.14,3.19,0.105,13.8,46.2,0.99708,3.43,0.48,9.6,5
7.56,0.632,0.29,1.47,0.133,18.2,66.1,0.99831,3.22,0.63,9.4,6
7.87,0.636,0.08,1.11,0.129,7.0,21.2,0.99708,3.4,0.62,9.7,6
6.04,0.594,0.03,2.36,0.135,9.4,27.4,0.998,3.18,0.42,8.4,5
7.59,0.512,0.31,2.55,0.113,19.6,36.2,0.99736,3.31,0.46,8.8,5
9.68,0.591,0.38,1.83,0.13,6.8,22.1,0.99943,3.28,0.53,8.9,5
6.93,0.648,0.48,1.75,0.055,23.6,75.8,0.99601,3.3,0.83,9.6,6
7.42,0.637,0.1,4.44,0.081,25.1,67.9,0.9964,3.12,0.81,10.7,7
8.96,0.336,0.14,1.6,0.106,15.7,47.0,0.99642,3.27,0.9,10.8,7
7.54,0.377,0.39,1.8,0.125,15.0,48.0,0.99444,3.29,0.55,11.2,6
6.47,0.672,0.43,1.69,0.101,12.4,33.2,0.99555,3.26,0.81,10.7,6
8.17,0.319,0.08,0.9,0.099,19.7,70.9,0.99695,3.4,0.49,9.1,6
9.23,0.419,0.24,1.77,0.189,11.9,20.1,0.99759,3.39,1.0,10.0,6
7.82,0.401,0.41,3.6,0.194,23.8,64.1,0.99697,3.18,0.58,9.4,6
8.15,0.405,0.61,1.95,0.159,3.3,13.6,0.99925,3.57,0.66,9.8,6
9.31,0.246,0.23,1.65,0.137,11.3,28.2,0.99831,3.36,0.62,10.0,7
9.25,0.572,0.33,3.54,0.058,23.1,55.5,0.99816,3.24,0.74,10.0,5
7.58,0.535,0.36,1.4,0.326,3.7,6.0,0.99573,3.27,0.69,11.0,6
7.17,0.514,0.1,0.9,0.115,11.2,10.2,0.99741,3.18,0.63,9.6,5
10.86,0.403,0.43,2.79,0.174,4.0,13.3,0.99813,3.24,0.76,8.5,6
8.63,0.466,0.03,2.21,0.1,12.6,20.9,0.99593,3.22,0.75,10.6,6
6.1,0.769,0.53,1.4,0.141,12.3,25.1,0.99588,3.23,0.67,10.7,7
7.77,0.701,0.09,1.31,0.15,16.1,58.5,0.99919,3.45,0.67,9.2,6
9.76,0.661,0.6,2.31,0.13,9.4,8.9,0.9971,3.18,0.79,10.1,7
7.81,0.841,0.17,2.57,0.188,32.8,95.6,0.99756,3.42,0.68,10.4,6
4.81,0.46,0.36,3.16,0.054,13.2,35.4,0.99854,3.4,0.61,9.0,5
8.17,0.463,0.13,0.9,0.239,12.7,33.3,0.99769,3.14,0.66,9.2,6
10.0,0.632,0.29,3.08,0.155,30.7,77.7,0.99837,3.36,0.63,9.0,5
7.39,0.637,0.32,2.45,0.081,5.8,15.6,0.99734,3.19,0.39,9.2,5
8.0,0.685,0.18,1.14,0.125,14.5,47.8,0.99495,3.23,0.81,11.1,6
10.28,0.514,0.26,1.78,0.119,16.7,38.4,0.99829,3.38,0.56,9.5,4
8.17,0.445,0.5,1.9,0.111,3.6,12.0,0.99677,3.48,0.74,10.5,6
7.29,0.614,0.23,1.58,0.216,20.5,55.7,0.99798,3.4,0.52,9.3,4
8.19,0.645,0.29,1.36,0.107,10.2,37.9,0.99718,3.38,0.61,8.8,5
9.69,0.89,0.31,1.23,0.103,29.1,77.9,0.99688,3.32,0.75,9.2,6
7.57,0.72,0.05,1.12,0.18,14.7,54.9,0.99682,3.19,0.53,10.1,6
4.8,0.652,0.6,2.01,0.138,21.7,34.0,0.99674,3.52,0.64,9.2,5
8.96,0.616,0.38,5.05,0.153,9.4,33.6,0.99616,3.38,0.6,10.6,5
11.01,0.571,0.24,1.57,0.276,19.4,40.9,0.99734,3.2,0.72,9.5,5
8.83,0.621,0.07,1.07,0.114,10.1,13.8,0.99821,3.38,0.62,9.2,6
11.09,0.523,0.25,3.24,0.292,27.6,50.6,0.99737,3.25,0.62,10.4,5
6.96,0.551,0.28,1.21,0.1,39.0,132.4,0.99762,3.43,0.62,8.9,5
11.29,0.768,0.34,2.07,0.061,30.6,87.8,0.99837,3.08,0.7,9.3,6
8.23,0.66,0.22,1.0,0.155,27.8,73.6,0.99797,3.35,0.46,9.3,5
8.7,0.819,0.26,1.17,0.047,19.1,62.4,0.99748,3.16,0.79,9.7,6
7.03,0.29,0.15,2.63,0.105,11.0,37.9,0.99599,3.5,0.67,10.6,7
9.6,0.777,0.3,2.68,0.064,8.1,16.2,0.99743,3.45,0.6,9.8,6
10.76,0.736,0.48,1.6,0.106,12.7,42.6,0.99683,2.98,0.67,10.0,5
10.11,0.638,0.45,3.36,0.094,29.0,71.5,0.9987,3.38,0.62,9.7,5
7.12,0.646,0.28,1.22,0.129,12.2,33.7,0.99782,3.23,0.64,9.9,5
8.59,0.693,0.16,6.61,0.077,9.5,32.8,1.00024,3.4,0.64,8.7,5
7.81,0.413,0.8,1.28,0.129,10.7,34.5,0.99853,3.41,0.63,8.9,5
7.82,0.545,0.45,3.03,0.095,28.1,94.9,0.99768,3.3,0.85,10.1,5
10.62,0.788,0.41,2.82,0.265,8.0,28.3,0.99548,3.23,0.57,11.1,6
10.72,0.728,0.46,3.03,0.138,19.0,53.9,0.99835,3.35,0.71,9.4,6
8.71,0.738,0.35,1.38,0.065,14.3,42.3,0.99789,3.18,0.88,9.4,6
8.44,0.737,0.25,1.83,0.111,4.2,6.0,0.99824,3.42,0.59,8.8,5
8.73,0.683,0.22,3.24,0.229,21.5,53.7,0.99629,3.31,0.83,10.8,6
8.2,0.648,0.1,2.77,0.136,5.1,15.9,0.99749,3.48,0.72,9.9,6
5.68,0.745,0.3,1.09,0.26,14.1,38.6,0.99908,3.27,0.65,8.5,5
9.05,0.668,0.29,6.1,0.261,11.5,38.7,0.99776,3.36,0.53,9.2,5
8.15,0.627,0.43,1.02,0.117,7.0,18.6,0.99488,3.27,0.76,12.4,7
4.6,0.659,0.25,4.77,0.145,7.7,7.4,0.9975,3.28,0.72,10.3,5
7.47,0.553,0.04,1.91,0.095,15.7,57.1,0.99732,3.31,0.5,10.8,6
8.16,0.974,0.22,2.79,0.127,20.8,66.0,0.99722,3.2,0.55,9.8,5
9.67,0.528,0.38,1.04,0.117,5.3,6.0,0.99659,3.34,0.65,9.2,5
10.01,0.829,0.4,1.31,0.096,12.4,36.2,0.99484,3.34,0.84,12.6,6
9.58,0.897,0.26,1.25,0.234,15.9,27.8,0.99849,3.22,0.45,9.9,5
7.96,0.391,0.32,3.44,0.091,8.0,15.7,0.99853,3.35,0.7,10.5,7
9.63,0.548,0.49,1.61,0.072,13.8,35.3,0.99965,3.15,0.74,9.4,6
8.21,0.734,0.42,2.65,0.108,24.8,70.9,0.99547,3.32,0.38,11.3,5
7.52,0.608,0.27,5.03,0.036,23.4,53.3,0.99648,3.21,0.9,10.2,6
8.56,0.465,0.16,3.08,0.081,10.9,29.5,0.99871,3.32,0.64,8.4,5
5.75,0.414,0.17,2.45,0.125,10.0,27.1,0.99525,3.38,1.01,11.1,6
6.75,0.614,0.69,1.02,0.309,14.0,49.4,0.99678,3.29,0.57,9.8,5
6.96,0.622,0.11,1.4,0.193,27.7,71.6,0.99573,3.55,0.78,10.1,6
6.31,0.754,0.05,2.49,0.096,9.0,23.1,0.99788,3.39,0.49,9.3,6
8.77,0.382,0.64,2.24,0.162,22.7,78.9,0.99515,3.37,0.74,11.4,7
10.98,0.37,0.0,2.52,0.114,4.1,17.2,0.99595,3.38,0.75,11.4,7
5.12,0.551,0.02,3.04,0.107,6.2,39.7,0.99557,3.27,0.7,11.0,7
10.92,0.293,0.36,1.01,0.056,10.7,47.3,0.99683,3.23,0.49,9.8,6
6.8,0.581,0.57,1.99,0.077,44.3,153.2,0.99684,3.38,0.58,9.8,5
6.69,0.512,0.37,1.87,0.182,12.5,29.1,0.9959,3.31,0.79,11.1,7
8.12,0.639,0.34,2.26,0.163,23.3,75.1,0.99851,3.16,1.0,9.6,6
8.8,0.559,0.12,1.64,0.162,32.5,104.0,0.99945,3.39,0.57,9.9,5
7.39,0.604,0.0,4.32,0.148,11.7,40.5,0.99574,3.23,0.71,10.3,5
10.34,0.44,0.37,1.27,0.175,20.2,78.6,0.99582,3.29,0.56,10.5,6
9.5,0.668,0.0,3.63,0.155,14.7,32.1,0.99635,3.43,0.8,11.2,7
9.24,0.429,0.14,2.88,0.057,8.9,30.3,0.99786,3.4,0.84,8.7,5
6.92,0.432,0.58,4.35,0.046,15.9,44.9,0.99496,3.29,0.98,11.4,7
10.65,0.575,0.3,0.9,0.07,25.5,70.8,0.99684,3.23,0.73,9.2,5
8.66,0.45,0.32,4.42,0.051,5.2,19.2,0.99786,3.24,0.61,9.9,5
7.92,0.658,0.38,1.72,0.088,20.3,75.6,0.99602,3.21,0.64,10.4,7
4.6,0.343,0.29,1.78,0.168,15.5,41.8,0.99751,3.4,0.65,10.1,6
8.75,0.37,0.6,1.64,0.161,20.0,79.1,0.99529,3.23,0.62,12.1,7
10.35,0.582,0.44,1.55,0.137,20.2,51.3,0.99711,3.39,0.65,10.3,7
6.12,0.749,0.46,3.01,0.099,7.9,17.6,0.9989,3.33,0.71,8.4,4
8.39,0.524,0.19,4.04,0.175,23.8,60.2,0.99746,3.28,0.69,10.3,5
9.02,0.631,0.0,4.92,0.079,27.5,80.5,0.99654,3.33,0.62,10.8,6
6.17,0.75,0.44,2.57,0.128,9.0,32.8,0.99787,3.13,0.59,9.7,5
6.58,0.477,0.38,1.86,0.063,16.0,58.5,0.99636,3.45,0.72,9.7,6
8.37,0.776,0.13,0.96,0.055,24.5,58.7,0.99441,3.24,0.63,11.7,6
9.06,0.794,0.34,1.93,0.076,11.3,47.9,0.99749,3.16,0.77,10.3,6
6.51,0.58,0.16,2.12,0.074,9.4,16.9,0.99736,3.35,0.63,9.6,6
8.69,0.546,0.22,1.88,0.123,23.9,63.8,0.99515,3.4,0.55,11.7,5
8.09,0.374,0.5,1.72,0.106,29.8,67.5,0.9987,3.34,0.67,10.1,6
6.97,0.523,0.33,6.14,0.093,7.2,9.0,0.99819,3.28,0.68,10.0,5
11.13,0.72,0.3,1.05,0.105,27.2,87.4,0.9959,3.36,0.8,9.9,7
10.0,0.387,0.42,1.03,0.125,22.8,74.9,0.99917,3.39,0.63,8.4,4
9.52,0.524,0.29,2.2,0.143,6.2,12.6,0.99804,3.31,0.43,9.4,6
7.2,0.41,0.16,1.89,0.097,10.7,32.8,0.99795,3.41,0.74,10.4,6
6.34,0.668,0.16,3.94,0.1,29.5,79.6,0.99917,3.45,0.55,8.4,4
6.29,0.431,0.3,6.41,0.165,24.7,60.9,0.99796,3.34,0.83,9.0,7
10.89,0.701,0.05,6.03,0.107,23.4,62.2,0.99772,3.23,0.76,10.5,5
5.27,0.387,0.32,2.04,0.08,17.4,56.3,0.99717,3.34,0.71,10.7,6
8.33,0.593,0.28,2.53,0.118,26.4,93.0,0.99884,3.17,0.68,9.3,6
7.63,0.482,0.36,2.81,0.045,21.2,64.8,0.99663,3.47,0.68,10.0,6
11.89,0.664,0.26,1.56,0.104,30.1,103.1,0.99739,3.21,0.69,10.6,7
8.09,0.546,0.41,1.14,0.1,24.1,81.9,0.99512,3.42,0.74,11.9,8
8.94,0.673,0.19,4.68,0.104,19.9,53.8,0.99807,3.27,0.56,10.1,5
10.53,0.38,0.43,1.35,0.052,12.7,39.3,0.99499,3.28,0.7,10.9,7
7.3,0.83,0.15,2.21,0.162,21.5,56.0,0.99808,3.26,0.64,8.5,5
7.59,0.552,0.0,1.06,0.107,33.4,120.2,0.99628,3.34,0.63,9.7,6
10.23,0.547,0.22,3.49,0.134,25.6,58.7,0.99777,3.24,0.77,9.9,5
8.49,0.733,0.36,2.47,0.082,37.7,89.3,0.99984,3.3,0.84,8.4,4
6.85,0.608,0.0,5.93,0.192,15.1,47.0,0.99863,3.4,0.47,9.6,5
7.1,0.298,0.48,0.9,0.096,11.8,33.1,0.99532,3.2,0.66,10.9,5
10.53,0.4,0.65,3.48,0.171,24.5,80.9,0.99829,3.28,0.62,10.0,5
9.02,0.618,0.7,3.13,0.121,16.1,38.7,0.99669,3.39,0.72,10.2,5
7.55,0.756,0.38,1.21,0.112,21.0,60.0,0.99925,3.28,0.7,8.7,4
8.93,0.429,0.36,1.55,0.09,3.3,12.1,0.99701,3.34,0.61,9.9,6
8.69,0.288,0.06,2.31,0.05,15.6,36.3,0.99611,3.4,0.69,11.1,7
7.84,0.541,0.31,3.67,0.06,14.7,36.8,0.99593,3.33,0.72,11.0,6
7.43,0.503,0.41,1.54,0.036,13.7,46.2,0.99649,3.32,0.76,9.8,7
8.18,0.562,0.5,1.27,0.084,16.1,52.4,0.99597,3.23,0.53,9.8,5
8.35,0.799,0.28,1.14,0.145,16.0,44.7,0.99664,3.52,0.7,10.0,6
6.33,0.645,0.06,1.96,0.111,14.3,65.8,0.99837,3.48,0.75,9.1,5
10.0,0.679,0.06,2.63,0.104,14.0,35.4,0.997,3.41,0.61,10.4,6
8.59,0.49,0.41,2.1,0.141,6.5,26.9,0.9947,3.35,0.68,10.6,6
8.29,0.413,0.52,1.61,0.1,12.9,52.5,0.99844,3.3,0.61,9.2,6
8.22,0.594,0.25,1.37,0.08,14.7,50.9,0.99848,3.39,0.71,10.9,6
8.94,0.733,0.23,1.8,0.092,10.5,36.7,0.99953,3.47,0.64,9.0,5
7.43,0.677,0.35,4.11,0.207,8.6,20.2,0.99596,3.34,0.62,10.3,5
4.89,0.711,0.19,0.9,0.175,23.6,36.9,0.99722,3.25,0.59,9.8,5
9.75,0.466,0.37,1.47,0.095,14.0,41.9,0.99531,3.24,0.56,11.4,7
9.17,0.441,0.24,1.28,0.135,16.7,34.2,0.99804,3.13,0.66,8.8,5
6.33,0.621,0.25,2.59,0.098,5.6,10.8,0.99754,3.15,0.58,9.2,5
7.38,0.462,0.23,2.09,0.09,6.9,23.8,0.99371,3.31,0.5,11.9,6
9.16,0.624,0.36,3.27,0.107,11.7,29.0,0.99636,3.17,0.6,9.8,6
8.8,0.555,0.24,3.29,0.09,17.4,70.9,0.9984,3.28,0.58,9.1,6
9.82,0.608,0.17,1.53,0.123,3.3,14.5,0.9962,3.31,0.61,10.5,6
8.55,0.48,0.01,1.51,0.1,16.2,34.9,0.99862,3.41,0.58,8.8,6
6.71,0.5,0.21,2.99,0.041,44.6,130.1,0.99784,3.45,0.45,8.9,6
9.06,0.741,0.41,1.57,0.17,22.0,53.0,0.99573,3.31,0.5,11.0,5
8.29,0.731,0.41,0.9,0.099,17.9,72.0,0.99696,3.17,0.54,10.1,5
10.26,0.355,0.4,4.32,0.299,29.6,72.8,0.99647,3.1,0.64,8.8,6
9.58,0.532,0.58,3.29,0.267,3.1,23.3,0.99701,3.41,0.84,10.5,6
9.14,0.912,0.0,8.91,0.111,16.1,53.3,0.99732,3.3,0.86,10.5,6
5.85,0.596,0.28,1.2,0.075,7.0,13.0,0.99708,3.56,0.58,11.0,6
8.38,0.877,0.16,2.0,0.164,10.2,27.8,0.99642,3.21,0.39,10.1,5
6.13,0.667,0.35,1.34,0.058,18.6,61.4,0.99898,3.29,0.72,9.4,6
7.47,0.346,0.33,1.75,0.081,13.0,29.5,0.99702,3.46,0.63,11.2,6
6.42,0.48,0.61,1.01,0.07,13.8,40.1,0.99692,3.33,0.71,10.2,6
9.5,0.716,0.39,3.18,0.048,18.3,34.4,0.99674,3.37,0.53,10.1,6
9.86,0.399,0.28,4.37,0.16,20.1,41.8,0.99746,3.32,0.56,10.1,6
6.22,0.324,0.0,1.8,0.099,11.6,33.1,0.99751,3.31,0.65,9.8,6
8.58,0.719,0.11,2.15,0.204,14.3,36.9,0.99836,3.39,0.7,10.3,5
7.83,0.578,0.38,3.16,0.211,16.4,66.7,0.99279,3.36,0.8,12.2,7
8.75,0.636,0.19,3.98,0.053,22.5,74.2,0.99696,3.32,0.47,10.0,5
10.96,0.591,0.15,1.24,0.141,14.0,51.8,0.99621,3.26,0.69,10.1,5
7.59,0.707,0.43,2.62,0.119,14.8,47.3,0.99653,3.33,0.48,9.7,7
11.54,0.518,0.19,5.1,0.302,8.4,15.2,0.99835,3.18,0.7,9.5,5
6.81,0.855,0.18,4.79,0.127,23.6,79.5,0.999,3.32,0.48,9.0,5
5.46,0.746,0.0,,0.113,21.5,62.4,0.99721,3.31,0.62,10.4,5
7.72,0.332,0.32,1.53,0.134,11.1,31.9,0.99441,3.17,0.68,11.9,7
7.22,0.522,0.46,2.08,0.114,8.6,23.2,0.99759,3.42,0.38,10.5,7
5.35,0.804,0.23,1.22,0.149,14.5,48.3,0.99705,3.19,0.71,9.0,6
9.5,0.493,0.18,0.93,0.113,4.6,11.9,0.99705,3.33,0.62,10.4,6
7.79,0.724,0.02,2.21,0.153,26.1,79.6,0.99734,3.36,0.62,9.2,5
8.5,0.623,0.19,3.18,0.107,18.4,56.1,0.99757,3.19,0.74,9.5,5
8.04,0.414,0.37,2.81,0.072,6.6,21.2,0.99663,3.27,0.75,10.8,6
9.95,0.714,0.17,4.76,0.147,18.1,54.7,0.99801,3.36,0.73,9.2,5
8.63,0.738,0.51,1.89,0.089,8.8,25.9,0.99797,3.5,0.58,10.0,6
7.48,0.498,0.22,1.69,0.229,38.6,117.3,0.99775,3.25,0.69,10.8,6
7.48,0.288,0.0,7.85,0.065,16.2,41.9,0.99586,3.46,0.75,11.0,7
7.24,0.363,0.06,1.75,0.153,12.9,30.2,0.99776,3.36,0.76,8.5,5
8.65,0.66,0.0,1.89,0.108,26.6,98.1,0.99627,3.12,0.66,10.9,6
10.34,0.567,0.35,1.63,0.092,18.1,72.8,0.99668,3.29,0.52,10.2,6
5.73,0.474,0.59,1.79,0.204,11.2,28.0,0.99735,3.24,0.7,10.1,6
12.2,0.504,0.49,2.09,0.113,4.7,16.4,0.9949,3.19,0.61,11.5,6
9.29,0.569,0.28,3.53,0.131,14.6,52.3,0.99726,3.36,0.73,9.0,6
5.23,0.566,0.0,1.91,0.072,9.2,24.5,0.99727,3.17,0.76,10.4,5
11.62,0.451,0.45,0.9,0.172,10.6,16.6,0.99739,3.23,0.51,10.3,6
7.16,0.649,0.44,2.22,0.084,10.7,18.4,0.99453,3.33,0.74,11.8,5
7.0,0.535,0.19,1.96,0.074,5.1,8.0,0.99614,3.45,0.33,9.3,5
7.92,0.928,0.01,1.21,0.138,7.3,8.6,0.99695,3.29,0.68,9.7,5
8.73,0.343,0.39,1.49,0.15,8.8,26.4,0.99521,3.15,0.88,10.7,5
8.84,0.821,0.16,2.09,0.216,7.7,18.1,0.999,3.2,0.71,8.7,5
7.45,0.579,0.13,4.55,0.375,13.2,28.4,0.99706,3.28,0.63,10.0,7
8.15,0.226,0.52,1.63,0.114,12.6,33.8,0.99615,3.18,0.75,11.0,6
9.32,0.755,0.21,6.58,0.096,17.4,51.2,0.99866,3.38,0.92,8.5,5
8.14,0.421,0.04,1.81,0.152,8.2,39.5,0.99686,3.32,0.53,9.1,5
10.37,0.664,0.26,1.2,0.073,43.0,122.6,0.99757,3.31,0.46,8.6,5
8.42,0.4,0.49,2.58,0.239,12.4,35.3,0.99671,3.39,0.62,10.3,6
9.05,0.453,0.35,6.17,0.1,13.7,54.1,0.99656,3.36,0.8,10.5,6
6.99,0.449,0.13,2.68,0.097,23.2,52.1,0.99742,3.5,0.88,9.5,7
6.43,0.668,0.33,1.37,0.058,28.4,100.3,0.99947,3.33,0.56,8.4,5
6.61,0.688,0.22,3.07,0.086,19.5,46.4,0.99659,3.31,0.68,10.1,6
8.08,0.597,0.28,2.72,0.103,31.7,105.3,0.99859,3.44,0.61,8.7,6
10.65,0.583,0.0,1.51,0.083,7.3,12.0,0.99739,3.22,0.94,9.6,6
7.49,0.771,0.09,0.9,0.129,18.5,53.7,0.99837,3.27,0.56,9.4,3
7.29,0.473,0.33,2.63,0.201,14.0,45.5,0.99762,3.35,0.67,9.9,6
8.52,0.587,0.44,0.9,0.192,14.7,57.4,0.99695,3.42,0.47,9.3,4
9.27,0.474,0.47,1.52,0.149,3.8,6.0,0.99958,3.34,0.8,8.4,6
8.49,0.683,0.51,2.4,0.103,18.6,56.4,0.99701,3.27,0.75,9.1,5
8.36,0.439,0.09,3.13,0.06,16.0,41.0,0.995,3.28,0.76,10.8,6
5.89,0.612,0.14,0.9,0.205,19.5,56.3,0.99986,3.27,0.36,8.7,5
7.8,0.892,0.25,1.06,0.114,14.3,35.3,1.00015,3.27,0.52,8.4,5
7.54,0.421,0.42,1.43,0.052,10.7,28.7,0.99735,3.43,0.6,9.6,7
7.8,0.478,0.16,2.08,0.214,10.2,16.0,0.99966,3.31,0.65,8.4,5
5.2,0.508,0.22,2.76,0.15,22.0,53.6,0.99929,3.4,0.68,8.4,5
7.96,0.518,0.15,1.17,0.171,22.8,78.0,0.99891,3.4,0.52,9.5,5
8.8,0.5,0.23,1.1,0.106,13.4,18.9,0.99854,3.26,0.71,9.7,6
6.75,0.567,0.21,1.54,0.21,21.4,43.4,0.99776,3.47,0.73,9.8,6
5.55,0.277,0.34,0.9,0.061,3.1,6.0,0.99644,3.23,0.45,9.7,6
9.76,0.463,0.04,1.01,0.125,9.0,42.4,0.99658,3.33,0.58,11.2,7
8.93,0.471,0.45,2.7,0.151,29.3,99.2,0.99587,3.31,0.58,10.4,6
8.81,0.327,0.22,1.76,0.093,6.2,13.4,0.99717,3.25,0.67,10.4,7
7.3,0.354,0.25,2.5,0.1,19.6,65.4,0.99872,3.39,0.5,8.4,5
6.39,0.656,0.0,1.24,0.147,2.2,14.1,0.99778,3.2,0.61,9.6,5
6.96,0.551,0.28,1.21,0.1,39.0,132.4,0.99762,3.43,0.62,8.9,5
10.36,0.689,0.24,1.4,0.212,12.1,29.2,0.99843,3.36,0.56,9.6,6
6.02,0.822,0.29,2.55,0.176,16.5,49.1,0.99579,3.31,0.61,10.7,5
7.37,0.495,0.11,5.63,0.13,27.2,111.6,0.99888,3.24,0.7,9.0,5
10.19,0.77,0.45,1.01,0.117,33.4,72.7,0.99829,3.44,0.71,9.2,6
10.78,0.61,0.1,1.17,0.183,7.1,6.0,0.99807,3.35,0.67,8.9,6
12.22,0.387,0.25,1.18,0.089,15.2,54.4,0.99885,3.21,0.62,9.3,5
10.32,0.596,0.0,0.98,0.08,10.8,40.0,0.99865,3.13,0.9,9.3,6
7.16,0.416,0.46,2.59,0.174,23.6,81.8,0.99615,3.3,0.47,10.8,6
5.92,0.579,0.18,1.37,0.14,6.1,14.5,0.99783,3.39,0.73,9.3,5
7.96,0.627,0.21,0.9,0.195,34.6,77.9,0.99645,3.25,0.38,10.9,6
7.82,0.628,0.25,3.32,0.215,6.1,33.3,0.99698,3.26,0.84,10.7,6
7.5,0.737,0.19,2.52,0.105,3.7,17.1,0.99764,3.31,0.68,9.0,5
8.63,0.282,0.6,1.86,0.085,21.3,66.1,0.99724,3.34,0.69,9.3,6
11.83,0.472,0.13,1.23,0.099,40.4,120.8,0.99713,3.04,0.71,10.4,6
7.96,0.671,0.33,2.51,0.083,31.4,100.0,0.99425,3.42,0.52,11.8,5
10.2,0.502,0.32,5.29,0.067,7.7,12.2,0.99704,3.24,0.63,10.1,6
7.19,0.58,0.22,1.97,0.085,6.7,18.0,0.99592,3.25,0.71,11.7,6
9.22,0.512,0.0,2.33,0.124,30.0,84.9,0.99693,3.31,0.6,9.9,6
9.41,0.574,0.1,2.41,0.111,15.7,60.5,0.99706,3.39,0.68,10.3,6
7.1,0.591,0.23,0.98,0.117,13.6,40.9,0.99792,3.3,0.51,10.4,6
11.94,0.647,0.0,2.09,0.215,13.4,32.1,0.99845,3.18,0.61,8.8,5
5.58,0.486,0.46,2.23,0.148,15.0,44.4,0.99528,3.18,0.65,10.8,7
8.5,0.649,0.45,2.44,0.118,10.1,38.1,0.99897,3.23,0.6,8.6,6
6.25,0.546,0.35,2.0,0.114,12.6,41.3,0.99525,3.35,0.59,10.6,5
7.29,0.605,0.39,1.01,0.225,7.7,27.4,0.99759,3.29,0.81,9.4,6
9.27,0.562,0.24,0.94,0.277,17.3,45.7,0.9992,3.24,0.82,8.6,5
10.25,0.793,0.39,1.78,0.071,51.8,157.8,0.99731,3.25,0.71,10.2,5
10.87,0.575,0.29,2.5,0.191,13.2,28.6,0.99783,3.34,0.73,9.8,6
10.43,0.389,0.76,7.22,0.072,28.8,80.2,0.99927,3.37,0.63,8.4,5
11.28,0.593,0.38,1.59,0.084,26.0,73.0,0.99639,3.26,0.6,9.8,5
9.21,0.672,0.42,2.68,0.043,17.6,64.2,0.99633,3.43,0.69,11.1,7
7.98,0.587,0.5,1.91,0.1,28.5,75.7,0.9968,3.39,0.82,10.4,7
8.54,0.645,0.0,1.47,0.105,19.8,35.4,0.9994,3.36,0.62,9.1,7
9.32,0.689,0.31,1.85,0.118,6.9,19.1,0.99695,3.34,0.58,9.8,5
11.13,0.58,0.17,2.33,0.146,17.5,52.4,0.99948,3.33,0.64,8.4,4
10.58,0.894,0.43,1.42,0.094,9.8,44.0,0.99609,3.29,0.78,10.6,5
9.17,0.385,0.04,2.45,0.238,4.6,7.5,0.99547,3.12,0.65,11.4,6
5.5,0.65,0.58,2.99,0.153,10.6,29.8,0.99784,3.49,0.75,9.9,6
9.59,0.12,0.58,6.37,0.114,3.7,6.0,0.99641,3.32,0.76,10.7,7
9.6,0.475,0.0,6.26,0.073,18.4,62.5,0.99856,3.45,0.59,9.3,6
7.73,0.533,0.14,8.36,0.226,17.4,49.1,0.99859,3.11,0.51,9.7,5
6.84,0.69,0.17,2.94,0.102,7.4,34.3,0.99737,3.2,0.76,10.1,6
9.43,0.414,0.51,3.14,0.079,10.6,32.7,0.99701,3.47,0.67,10.0,6
10.15,0.836,0.51,1.22,0.117,1.5,12.7,0.99757,3.28,0.5,9.6,6
6.26,0.392,0.37,1.42,0.199,19.5,59.0,0.99839,3.06,0.63,8.4,4
5.76,0.593,0.09,0.96,0.075,15.7,43.0,0.99718,3.22,0.58,9.7,6
8.66,0.797,0.23,1.57,0.081,29.0,89.2,0.99748,3.23,0.61,8.4,4
7.7,0.796,0.25,3.73,0.075,8.9,30.9,0.99514,,0.33,10.7,6
8.77,0.886,0.29,2.64,0.25,10.7,21.3,0.99809,3.31,0.56,8.7,5
10.32,0.698,0.29,5.24,0.145,19.2,62.3,0.99727,3.4,0.57,9.7,6
8.28,0.711,0.13,1.24,0.101,17.6,52.4,0.997,3.42,0.64,10.6,5
7.87,0.64,0.16,0.9,0.071,5.8,36.7,0.99675,3.45,0.77,10.7,7
8.33,0.325,0.35,2.44,0.159,18.2,64.9,0.9988,3.45,0.72,9.2,6
8.27,0.7,0.37,3.68,0.142,11.5,39.4,0.99615,3.29,0.54,11.0,6
9.31,0.47,0.46,1.71,0.152,23.4,77.7,0.99506,3.32,0.85,10.1,7
9.2,0.653,0.26,0.96,0.097,33.0,82.1,0.99596,3.3,0.83,11.0,6
11.19,0.505,0.52,0.9,0.046,12.7,43.7,0.9986,3.16,0.5,9.0,6
9.32,0.587,0.41,2.14,0.131,4.4,18.0,0.99712,3.51,0.78,10.2,6
10.33,0.358,0.0,9.38,0.119,18.9,47.4,0.99853,3.15,0.65,9.0,5
8.67,0.159,0.4,5.4,0.258,10.3,36.3,0.99436,3.32,0.41,12.5,7
9.46,0.594,0.1,7.75,0.053,21.8,73.7,0.99817,3.1,0.55,9.1,5
10.65,0.583,0.0,1.51,0.083,7.3,12.0,0.99739,3.22,0.94,9.6,6
7.5,0.591,0.26,2.47,0.147,16.6,52.9,0.99418,3.33,0.59,10.7,7
7.81,0.456,0.2,2.71,0.083,9.7,37.7,0.99562,3.47,0.53,10.9,6
8.91,0.65,0.09,1.01,0.165,43.5,117.8,0.99815,3.27,0.55,9.2,5
8.51,0.455,0.1,1.25,0.125,30.0,107.7,0.99603,3.35,0.62,11.0,7
9.55,0.556,0.19,1.84,0.106,12.4,30.6,0.99668,3.2,0.88,11.0,6
8.0,0.359,0.0,1.87,0.195,10.0,25.3,0.99631,3.35,0.56,10.3,5
7.22,0.717,0.29,1.07,0.104,13.8,54.3,0.99672,3.3,0.41,9.5,5
10.46,0.375,0.32,1.91,0.101,26.9,50.3,0.99719,3.13,0.73,10.8,6
8.63,0.603,0.3,4.37,0.184,10.4,27.1,0.9978,3.35,0.35,10.3,5
10.33,0.699,0.26,2.1,0.158,13.6,59.1,0.99689,3.21,0.62,10.6,5
9.98,0.572,0.26,3.78,0.256,6.1,8.4,0.9971,3.32,0.51,10.4,5
7.58,0.691,0.0,3.9,0.077,31.1,93.0,0.99567,3.36,0.58,10.5,6
9.6,0.298,0.5,2.09,0.088,20.1,73.6,0.99637,3.31,0.96,10.9,7
9.52,0.639,0.37,1.48,0.077,20.9,64.1,0.99864,3.29,0.71,9.4,5
7.46,0.409,0.4,0.9,0.118,22.1,66.4,0.99744,3.35,0.62,9.5,7
8.49,0.719,0.18,1.67,0.091,23.1,79.6,0.99644,3.35,0.56,9.9,5
6.93,0.688,0.31,3.17,0.123,13.9,42.6,0.99777,3.42,0.46,10.6,6
8.34,0.563,0.29,2.21,0.09,27.4,91.8,0.99852,3.24,0.87,9.0,5
8.58,0.17,0.13,2.96,0.057,11.4,42.9,0.9978,3.3,0.51,8.9,5
7.95,0.424,0.41,3.17,0.218,22.2,82.5,0.99759,3.29,0.54,9.3,6
7.79,0.516,0.12,2.74,0.2,27.9,65.9,0.99697,3.45,0.49,11.2,6
8.17,0.515,0.36,1.48,0.198,12.0,29.9,0.99781,3.22,0.5,9.5,5
7.4,0.722,0.33,1.49,0.084,6.8,19.6,0.99772,3.29,0.59,9.6,6
10.25,0.397,0.43,3.79,0.059,10.5,30.8,0.99559,3.23,0.87,10.3,5
9.92,0.548,0.0,0.9,0.172,8.1,28.0,0.99615,3.24,0.57,10.8,5
8.36,0.374,0.5,3.03,0.106,6.4,23.2,0.9967,3.36,0.82,10.3,7
9.14,0.834,0.25,4.29,0.158,21.8,51.7,0.99808,3.14,0.57,9.5,5
9.46,1.002,0.16,1.61,,9.7,30.5,0.99847,3.2,0.58,8.9,6
9.54,0.767,0.43,3.9,0.074,6.9,16.0,0.99854,3.22,0.6,9.9,5
8.92,0.429,0.16,1.73,0.13,11.7,38.2,0.99853,3.27,0.75,8.9,6
8.79,0.628,0.23,2.34,0.142,5.0,21.4,0.99885,3.34,0.67,9.2,6
9.99,0.306,0.44,0.9,0.094,17.8,54.2,0.99695,3.31,0.55,9.9,6
5.98,0.821,0.06,4.19,0.152,53.2,176.9,0.99778,3.33,0.7,9.8,5
6.05,0.552,0.33,1.0,0.098,31.0,114.6,0.99807,3.18,0.74,9.1,5
9.08,0.606,0.38,1.49,0.158,11.7,32.5,0.99664,3.16,0.67,10.6,6
10.26,0.896,0.41,1.05,0.092,12.5,43.1,0.99797,3.21,0.68,8.4,4
8.57,0.811,0.44,3.65,0.137,8.3,23.3,0.99716,3.43,0.7,10.0,6
7.11,0.755,0.39,1.46,0.141,5.8,23.4,0.99587,3.28,0.76,10.3,5
8.01,0.547,0.49,1.33,0.123,15.2,57.4,0.99628,3.41,0.54,11.3,6
7.17,0.606,0.42,3.04,0.154,18.4,45.3,0.99757,3.32,0.75,10.8,6
7.83,0.725,0.4,1.73,0.177,18.3,49.0,0.9967,3.25,0.67,10.9,5
8.56,0.704,0.44,3.85,0.218,18.2,30.9,0.99453,3.21,0.56,11.6,6
6.87,0.75,0.21,1.51,0.179,11.4,31.4,0.99768,3.55,0.9,9.3,6
6.55,0.817,0.34,1.02,0.085,8.9,25.2,0.99907,3.35,0.67,9.0,5
8.52,0.553,0.51,2.3,0.082,12.4,47.3,0.99542,3.5,0.88,10.4,6
7.1,0.411,0.28,1.02,0.214,14.5,46.6,0.99579,3.42,0.78,10.1,6
5.89,0.635,0.26,2.36,0.093,28.5,66.5,0.99734,3.42,0.7,10.6,6
9.73,0.41,0.17,3.88,0.093,15.6,70.5,0.99771,3.36,0.83,10.3,5
6.8,0.485,0.28,1.4,0.075,7.2,19.6,0.99881,3.37,0.72,9.0,6
8.63,0.236,0.27,1.12,0.122,9.0,29.7,0.99679,3.49,0.58,11.3,7
7.86,0.608,0.18,1.37,0.123,19.3,45.0,0.99797,3.32,0.83,9.7,5
8.25,0.859,0.0,5.06,0.115,3.0,16.1,0.99606,3.3,0.78,10.9,6
7.24,0.436,0.14,3.19,0.105,13.8,46.2,0.99708,3.43,0.48,9.6,5
8.33,0.683,0.2,1.08,0.314,6.3,6.0,0.99753,3.28,0.71,10.5,7
9.63,0.434,0.4,4.38,0.097,20.3,50.7,0.99912,3.33,0.79,9.5,6
7.82,0.436,0.29,4.79,,26.8,104.4,0.99818,3.32,0.54,9.1,5
6.37,0.385,0.5,2.58,0.111,11.2,58.8,0.99613,3.25,0.66,10.3,6
5.92,0.369,0.16,1.71,0.093,6.0,16.0,0.99629,3.47,0.6,10.9,6
6.33,0.571,0.59,1.02,0.063,36.7,124.4,0.9979,3.35,0.64,9.0,5
9.18,0.707,0.17,0.9,0.198,4.4,13.4,0.99625,3.46,0.79,10.2,6
7.96,0.721,0.6,1.18,0.192,9.6,44.0,0.99841,3.6,0.63,8.4,5
6.76,0.634,0.38,0.9,0.059,69.5,176.8,0.99687,3.31,0.64,9.8,7
4.75,0.563,0.38,1.98,0.12,8.9,33.8,0.99791,3.21,0.56,10.3,6
6.53,0.605,0.22,3.77,0.163,17.8,41.7,0.99719,3.29,0.86,11.1,6
8.13,0.732,0.49,1.62,0.064,13.5,36.1,0.9975,3.13,0.57,10.5,6
9.1,0.635,0.51,1.79,0.182,17.8,43.9,1.00003,3.3,0.63,8.5,5
10.66,1.005,0.36,2.74,0.126,16.3,38.9,0.99943,3.25,0.48,8.8,5
10.52,0.861,0.39,1.4,0.157,18.2,51.8,0.99735,3.43,0.7,10.2,5
7.36,0.826,0.31,3.49,0.181,35.5,120.9,0.99785,3.26,0.87,8.4,5
9.69,0.32,0.38,1.48,0.077,26.2,93.1,0.99586,3.29,0.7,10.6,8
7.26,0.573,0.52,1.22,0.064,13.1,37.4,0.99877,3.2,0.57,8.5,5
10.06,0.466,0.57,2.22,0.151,18.5,60.3,0.99855,3.46,0.48,9.1,5
7.52,0.481,0.06,1.21,0.084,18.7,57.8,0.99928,3.47,0.84,8.9,6
5.95,0.694,0.13,0.9,0.049,15.4,38.9,0.99966,3.52,0.84,9.8,6
6.43,0.615,0.38,3.17,0.06,40.7,127.0,0.99813,3.2,0.77,9.3,6
12.37,0.21,0.38,2.33,0.143,8.7,37.7,0.99656,3.28,0.8,11.0,7
5.89,0.747,0.38,1.26,0.113,19.0,51.6,0.99802,3.41,0.77,9.0,5
10.57,0.607,0.41,3.26,0.084,17.3,50.4,0.99752,3.22,0.46,10.6,5
10.18,0.382,0.29,2.69,0.074,31.0,79.4,0.99885,3.24,0.61,9.3,5
6.68,0.25,0.34,2.22,0.118,30.4,65.8,0.99873,3.29,0.55,8.4,5
7.82,0.646,0.23,1.77,0.192,13.1,47.9,0.99448,3.48,0.63,12.8,8
11.21,0.562,0.77,2.67,0.256,18.1,54.2,0.99798,3.22,0.51,9.0,6
9.76,0.48,0.49,3.96,0.124,11.3,35.6,0.9981,3.42,0.71,9.7,6
8.24,0.425,0.13,2.82,0.088,13.6,40.6,0.99549,3.22,0.47,11.0,7
4.79,0.712,0.29,2.02,0.255,8.4,22.4,0.99799,3.43,0.75,10.6,5
10.87,0.36,0.4,2.58,0.104,6.1,21.8,0.99948,3.23,0.84,8.6,6
4.74,0.843,0.23,2.98,0.094,13.6,62.0,1.0,3.35,0.79,9.1,5
7.23,0.623,0.02,1.09,0.09,14.8,56.1,0.99803,3.32,0.71,9.0,5
7.94,0.412,0.34,1.26,0.074,33.4,131.6,0.99892,3.39,0.39,9.7,5
7.19,0.419,0.03,1.16,0.104,25.9,49.2,0.99695,3.35,0.53,10.2,5
7.77,0.575,0.59,6.03,0.096,9.7,36.4,0.99773,3.27,0.53,10.0,6
9.92,0.621,0.22,1.94,0.09,40.6,103.5,0.99579,3.2,0.88,9.9,7
9.24,0.574,0.2,5.49,0.089,4.7,11.9,0.99871,3.35,0.57,9.6,5
8.03,0.58,0.32,3.86,0.083,8.7,32.9,0.99609,3.29,0.79,9.7,5
9.6,0.661,0.6,2.01,0.208,19.0,43.7,0.99722,3.22,0.66,8.5,5
7.57,0.574,0.02,0.9,0.077,35.4,117.8,0.9967,3.3,0.81,9.7,5
9.38,0.757,0.26,2.57,0.072,47.4,174.2,0.99791,3.32,0.65,9.0,5
6.23,0.799,0.25,1.71,0.203,21.4,61.9,0.99562,3.39,0.6,10.1,6
7.09,0.495,0.54,2.09,0.111,5.5,8.4,0.9982,3.4,0.74,9.0,5
7.2,0.468,0.31,3.21,0.16,5.1,6.0,0.99735,3.32,0.64,9.3,5
8.32,0.512,0.37,1.52,0.234,7.9,22.5,0.99828,3.46,0.5,9.0,5
7.93,0.606,0.22,1.29,0.078,11.9,33.6,1.00003,3.45,0.7,8.5,5
9.37,1.046,0.0,5.45,0.225,23.5,49.2,0.99962,3.26,0.54,8.4,3
6.94,0.642,0.57,4.33,0.082,7.8,8.5,0.99988,3.39,0.45,8.4,5
7.41,0.636,0.36,1.48,0.181,13.1,34.6,0.9969,3.22,0.81,10.5,5
8.48,0.517,0.41,0.9,0.144,41.4,148.4,0.9987,3.22,0.81,8.4,5
6.31,0.41,0.28,4.11,0.148,14.2,26.2,0.99841,3.41,0.63,8.5,6
7.78,0.723,0.41,1.51,0.136,26.3,68.8,0.99702,3.31,0.78,10.4,7
8.35,0.737,0.14,2.33,0.106,11.9,30.8,0.99801,3.31,0.39,10.8,6
8.2,0.819,0.5,1.77,0.111,8.5,31.0,0.99607,3.44,0.73,10.5,6
7.47,0.606,0.46,1.02,0.077,18.8,79.3,0.99768,3.36,0.77,10.0,6
6.57,0.84,0.12,7.19,0.093,15.0,56.7,0.99864,3.36,0.65,9.0,4
8.75,0.577,0.66,1.01,0.181,21.3,76.1,0.9966,3.3,0.72,10.1,6
11.17,0.839,0.17,3.7,0.155,7.8,10.8,0.9983,3.39,0.69,8.5,4
9.02,0.64,0.72,4.35,0.101,15.9,55.9,0.99682,3.43,0.61,9.2,7
7.76,0.497,0.38,1.24,0.113,3.9,11.8,0.99994,3.43,0.58,8.8,5
5.9,0.33,0.0,2.62,0.087,16.6,40.3,0.99883,3.28,0.39,8.5,6
7.46,0.624,0.23,0.9,0.114,11.8,49.4,0.99879,3.39,0.43,9.1,5
8.64,0.535,0.34,2.69,0.138,9.5,32.3,0.99759,3.25,0.6,9.4,5
8.49,0.633,0.3,4.02,0.088,5.9,6.0,0.99651,3.38,0.79,9.8,6
8.51,0.437,0.06,1.25,0.092,23.7,81.4,0.99872,3.31,0.72,9.3,6
7.34,0.618,0.06,2.31,0.158,14.0,39.5,0.99829,3.24,0.79,8.9,5
11.88,0.706,0.17,1.28,0.06,6.4,20.9,0.99716,3.23,0.67,9.9,6
10.7,0.893,0.15,7.09,0.167,16.2,37.5,0.99676,3.2,0.71,10.0,5
7.3,0.442,0.55,1.61,0.085,12.2,35.1,0.99666,3.37,0.54,10.9,6
5.99,0.599,0.31,4.47,0.082,17.6,33.7,0.99538,3.41,0.63,9.5,5
7.97,0.519,0.26,1.96,0.102,5.7,37.0,0.99811,3.51,0.62,9.6,6
9.43,0.488,0.26,2.24,0.144,26.3,88.1,0.99616,3.32,0.69,11.0,6
6.71,0.566,0.27,3.37,0.063,17.4,58.6,0.99747,3.43,0.7,10.1,5
5.89,0.411,0.6,1.39,0.087,27.0,98.8,0.99697,3.27,0.61,10.6,6
9.61,0.426,0.32,1.18,0.122,17.3,53.0,0.99755,3.39,0.84,10.0,6
8.64,0.953,0.42,2.75,0.074,10.1,19.7,0.99787,3.25,0.7,9.2,5
9.99,0.766,0.09,1.75,0.158,17.4,47.7,0.99823,3.1,0.63,9.0,6
7.58,0.607,0.45,2.28,0.145,18.2,66.1,0.99996,3.32,0.8,8.4,5
10.5,0.943,0.58,1.89,0.051,26.5,69.6,0.99655,3.22,0.56,10.8,5
9.76,0.328,0.59,1.42,0.141,12.3,42.3,0.99725,3.28,0.71,10.6,8
7.29,0.47,0.23,1.91,0.098,25.2,68.9,0.99813,3.29,0.53,9.1,5
10.98,0.588,0.4,3.69,0.182,19.7,49.8,0.99744,3.34,0.71,10.4,7
8.77,0.747,0.08,3.77,0.11,13.2,42.8,0.99756,3.33,0.99,9.9,5
11.37,0.547,0.61,1.36,0.089,29.1,71.6,0.99792,3.21,0.79,8.5,5
9.8,0.656,0.42,4.83,0.186,27.3,94.0,0.99701,3.33,0.72,10.3,6
6.93,0.568,0.0,2.13,0.139,21.7,82.0,0.99631,3.29,0.66,10.3,6
8.12,0.547,0.0,2.38,0.122,24.4,70.5,0.99701,3.37,0.6,9.9,5
9.09,0.674,0.23,3.71,0.148,29.2,95.5,0.9975,3.3,0.6,9.8,6
9.52,0.333,0.23,7.32,0.251,14.1,28.5,0.99707,3.22,0.65,10.0,6
5.43,0.648,0.0,1.82,0.097,11.4,21.4,0.99725,3.34,0.42,9.1,6
8.53,0.528,0.64,3.12,0.175,17.4,57.0,0.99557,3.37,0.77,10.1,7
7.95,0.612,0.48,1.1,0.076,11.9,39.8,0.9983,3.19,0.6,8.9,5
9.09,0.924,0.32,0.9,0.16,10.8,34.2,0.9982,3.42,0.78,9.0,5
7.31,0.729,0.36,0.9,0.184,24.9,87.1,0.99853,3.27,0.63,9.3,5
7.5,0.671,0.39,2.44,0.162,11.8,40.1,0.99566,3.33,0.45,10.4,6
9.57,0.392,0.53,2.83,0.036,37.5,115.9,0.99591,3.07,0.75,10.4,7
7.33,0.639,0.49,1.04,0.159,20.5,63.0,0.99844,3.36,0.83,8.4,5
8.99,0.791,0.47,3.9,0.178,19.1,65.9,0.99694,3.22,0.69,9.9,5
6.8,0.597,0.46,0.9,0.088,5.3,9.6,0.99601,3.41,0.54,11.2,6
7.19,0.692,0.34,9.0,0.16,21.9,33.9,0.99789,3.55,0.54,9.1,5
5.88,0.606,0.23,3.22,0.109,39.9,138.7,0.99558,3.42,0.47,11.6,5
8.32,0.396,0.0,1.09,0.131,15.9,43.8,0.99787,3.22,0.7,8.4,5
7.21,0.576,0.24,3.46,0.084,16.0,43.9,0.99962,3.23,0.61,9.1,7
10.4,0.474,0.54,1.56,0.131,6.9,34.1,0.99519,3.36,0.69,11.0,7
8.67,0.661,0.64,1.27,0.177,15.7,57.0,0.99851,3.21,0.85,9.5,6
8.6,0.771,0.55,2.68,0.061,7.6,24.5,0.99589,3.42,0.9,10.8,7
10.13,0.486,0.55,1.69,0.059,4.9,24.4,0.99518,3.37,0.56,10.7,5
10.39,0.578,0.63,5.53,0.087,8.2,13.4,0.99769,3.38,1.01,9.8,7
6.74,0.388,0.31,1.13,0.101,5.5,18.4,0.99795,3.46,0.58,8.9,5
9.33,0.501,0.32,2.98,0.074,15.0,55.4,0.99769,3.15,0.53,9.6,6
8.78,0.539,0.31,7.93,0.05,24.8,75.4,0.99669,3.33,0.77,11.2,7
9.77,0.503,0.26,0.97,0.217,26.8,79.6,0.99534,3.28,0.51,10.6,7
7.57,0.645,0.31,1.46,,13.8,42.0,0.99646,3.47,0.47,9.0,5
5.97,0.454,0.34,,0.14,28.6,90.2,0.99669,2.99,0.59,9.1,6
6.57,0.623,0.48,4.23,0.089,8.6,23.4,0.99689,3.22,0.59,9.4,6
7.03,0.62,0.05,9.98,0.127,16.4,59.9,0.99889,3.15,0.76,9.4,5
9.99,0.657,0.11,2.95,0.076,12.7,20.6,0.99537,3.16,0.76,10.5,6
11.02,0.357,0.45,4.95,0.083,21.0,68.9,0.99769,3.33,0.69,9.8,6
5.63,0.524,0.39,1.27,0.078,18.7,46.7,0.99711,3.31,0.73,9.9,6
9.62,0.382,0.7,3.6,0.12,7.0,21.5,0.9973,3.31,0.7,10.6,7
8.46,0.485,0.43,2.95,0.131,19.5,55.4,0.99754,3.17,0.61,8.6,6
7.01,0.55,0.34,2.28,0.132,16.9,65.4,0.9981,3.35,0.65,9.3,6
8.07,0.715,0.17,4.02,0.077,25.9,57.2,0.99817,3.31,0.68,9.3,4
8.92,0.655,0.13,0.9,0.153,15.3,48.7,0.999,3.39,0.53,9.4,6
5.73,0.482,0.14,5.03,0.114,14.4,38.6,0.99895,3.17,0.77,8.7,5
9.2,0.463,0.54,2.84,0.079,11.3,31.6,0.9984,3.43,0.66,10.1,6
10.46,0.502,0.58,6.1,0.068,14.6,57.5,0.99792,3.4,0.81,8.9,6
6.6,0.603,0.25,4.86,0.102,12.2,47.5,0.997,3.28,0.77,9.9,5
8.46,0.377,0.49,2.23,0.192,17.5,52.3,0.99627,3.06,0.74,9.8,7
7.6,0.297,0.43,1.77,0.102,11.1,35.0,0.99793,3.39,0.78,10.0,7
7.31,0.387,0.4,2.23,0.097,12.7,38.8,0.99588,3.29,0.72,10.6,6
8.33,0.523,0.0,1.84,0.154,9.9,35.1,0.99789,3.39,0.82,9.8,6
6.69,0.393,0.08,3.27,0.138,18.9,49.3,0.99741,3.3,0.67,10.4,6
5.86,0.674,0.28,3.91,0.086,15.0,65.5,0.99766,3.23,0.56,10.0,5
7.17,0.498,0.32,1.85,0.19,10.4,25.3,0.99785,3.42,0.93,10.1,6
9.37,0.5,0.28,1.36,0.083,28.8,93.4,0.99839,3.34,0.7,10.7,7
7.35,0.829,0.16,4.21,0.11,10.3,24.1,0.99812,3.17,0.52,9.3,5
8.71,0.608,0.4,1.84,0.328,13.5,23.8,0.9971,3.23,0.38,8.7,5
9.16,0.661,0.0,1.27,0.148,16.8,41.2,0.99582,3.38,0.54,9.5,5
8.69,0.572,0.3,2.28,0.095,19.1,59.6,0.99874,3.33,0.61,10.1,6
7.71,0.209,0.45,1.46,0.155,10.4,42.2,0.99677,3.36,0.87,9.5,6
8.89,0.556,0.47,2.0,0.07,4.4,8.9,0.99692,3.18,0.88,10.6,7
9.23,0.609,0.17,2.88,0.099,16.4,44.8,0.99995,3.17,0.75,9.4,5
7.49,0.755,0.33,10.55,0.174,14.5,20.0,0.99655,3.45,0.53,10.0,5
6.36,0.187,0.22,3.44,0.087,11.7,23.5,0.99467,3.32,0.65,12.0,8
4.6,0.692,0.38,0.9,0.092,8.5,18.7,0.99767,3.55,0.65,9.4,6
5.56,0.529,0.0,1.23,0.087,17.7,42.9,0.99829,3.43,0.86,8.5,6
8.32,0.691,0.53,1.96,0.101,14.3,28.3,0.99676,3.41,0.77,11.3,7
8.6,0.748,0.22,2.68,0.064,6.1,6.0,0.99677,3.45,0.64,11.4,6
10.57,0.777,0.14,1.62,0.188,9.4,31.5,0.9981,3.4,0.5,9.4,5
7.26,0.471,0.44,1.85,0.142,13.7,28.1,0.99956,3.37,0.66,8.8,5
8.24,0.327,0.38,2.42,0.282,21.3,79.3,0.99462,,0.81,10.2,6
7.41,0.278,0.2,1.66,0.156,42.0,127.8,0.99615,3.27,0.64,11.1,6
8.95,0.528,0.11,1.3,0.176,31.8,113.6,0.99904,3.29,0.64,9.5,5
8.05,0.598,0.39,3.56,0.072,8.8,18.4,0.99822,3.36,0.73,8.8,6
8.82,0.803,0.18,3.52,0.088,32.4,114.3,0.99596,3.5,0.6,10.9,5
8.49,0.673,0.25,3.63,0.267,16.5,46.9,0.99745,3.13,0.74,9.8,6
7.02,0.54,0.42,1.96,0.115,9.6,23.8,0.99799,3.19,0.37,9.0,5
6.36,0.692,0.32,3.79,0.109,33.2,93.6,0.99941,3.36,0.62,8.5,4
8.93,0.642,0.0,1.18,0.189,3.1,17.6,0.99793,3.32,0.48,10.8,6
6.82,0.456,0.18,2.15,0.147,11.9,36.4,0.99838,3.46,0.66,8.5,4
9.48,0.507,0.17,2.47,0.129,17.5,70.5,0.99604,3.26,0.61,10.9,6
11.46,0.845,0.1,1.45,0.076,13.1,39.6,0.99799,3.37,0.63,9.4,5
5.83,0.531,0.78,2.5,0.135,13.9,43.0,0.99803,3.44,0.57,9.2,5
7.89,0.575,0.21,3.81,0.046,19.4,44.4,0.99747,3.21,0.82,9.8,5
9.58,0.608,0.2,1.9,0.17,18.0,47.9,0.99597,3.23,0.62,10.2,5
9.25,0.65,0.56,1.59,0.167,9.5,37.1,0.99723,3.34,0.83,9.8,7
11.15,0.375,0.17,3.02,0.245,16.1,35.9,0.99855,3.19,0.65,9.2,5
8.16,0.593,0.55,2.23,0.12,9.0,33.6,0.99601,3.49,0.55,10.5,6
9.11,0.748,0.24,5.04,0.04,2.6,6.0,0.99707,3.45,0.69,9.6,6
9.83,0.462,0.0,3.35,0.132,20.5,55.2,0.99765,3.2,0.8,9.0,5
7.44,1.131,0.74,1.62,0.113,23.6,71.4,0.99784,3.2,0.75,9.0,5
8.54,0.551,0.34,2.7,0.253,20.6,54.5,0.99679,3.22,0.93,10.7,7
7.9,0.35,0.0,1.62,0.112,11.3,20.9,0.9973,3.38,0.76,10.3,6
10.06,0.595,0.44,2.12,0.121,23.4,72.3,0.99922,3.13,0.52,8.4,5
9.57,0.515,0.26,1.2,0.122,9.2,24.4,0.9971,3.27,0.42,10.4,5
8.34,1.113,0.0,2.43,0.084,7.3,17.2,1.00026,3.32,0.55,8.4,5
9.36,0.72,0.32,,0.237,2.6,11.3,0.99779,3.22,0.43,9.1,5
6.46,0.891,0.44,1.9,0.238,13.0,30.5,0.9983,3.34,0.72,8.7,5
7.29,0.535,0.0,2.31,0.055,46.1,132.5,0.99704,3.41,0.56,9.9,5
8.16,0.441,0.04,1.31,0.276,6.1,33.9,0.99412,3.29,0.66,11.6,6
8.14,0.847,0.11,2.54,0.102,15.6,40.1,0.99665,3.44,0.76,11.0,6
9.93,0.664,0.48,1.13,0.134,14.0,27.8,0.99852,3.14,0.77,9.9,5
8.03,0.923,0.0,2.14,0.099,10.2,27.8,0.99728,3.19,0.59,10.2,4
8.18,0.354,0.3,1.55,0.07,15.7,33.7,0.9959,3.18,0.67,10.6,6
8.47,0.813,0.12,3.66,0.162,17.0,45.5,0.99804,3.56,0.48,8.6,5
7.84,0.68,0.55,1.18,0.049,16.0,39.8,0.99722,3.29,0.87,10.3,6
8.48,0.577,0.42,3.66,0.098,8.1,29.4,0.99826,3.3,0.68,9.1,5
7.36,0.428,0.19,0.9,0.11,6.2,20.3,0.99877,3.24,0.53,8.7,5
11.82,0.638,0.29,1.91,0.144,12.1,15.5,0.9967,3.13,0.85,11.6,6
5.27,0.744,0.23,1.85,0.179,10.2,26.6,0.99562,3.49,0.67,11.0,6
7.71,0.574,0.4,2.89,0.233,18.2,39.9,0.99577,3.31,0.5,11.1,5
8.25,1.017,0.26,1.47,0.107,21.5,57.0,0.99555,3.15,0.67,10.7,6
9.47,0.848,0.56,5.44,0.181,12.8,31.3,0.99661,3.12,0.8,10.1,6
5.97,0.803,0.11,3.49,0.121,10.3,22.5,0.99719,3.57,0.36,10.0,5
7.36,0.717,0.59,2.53,0.081,16.1,48.9,0.99639,3.31,0.57,10.3,6
11.34,0.732,0.0,3.44,0.283,5.3,6.0,0.99899,3.22,0.6,8.9,5
7.42,0.744,0.21,4.12,0.144,15.6,46.6,0.99957,3.33,0.62,8.4,5
9.23,0.803,0.35,0.9,0.072,15.7,50.0,0.99731,3.41,0.83,9.8,5
7.41,0.549,0.0,2.27,0.1,10.9,24.0,0.99777,3.31,0.69,9.3,6
7.03,0.614,0.32,1.03,0.17,20.1,56.4,0.99633,3.27,0.69,10.0,8
9.3,0.573,0.0,3.82,0.116,27.1,87.1,0.99852,3.22,0.47,8.4,5
10.17,0.59,0.44,0.9,0.072,9.4,28.0,0.9969,3.37,0.51,10.4,7
10.39,0.309,0.18,2.97,0.057,15.9,50.0,0.99799,3.37,0.61,8.8,7
11.01,0.525,0.56,0.91,0.156,22.0,62.3,0.99813,3.32,0.69,9.2,6
8.28,0.75,0.36,4.5,0.058,18.5,68.0,0.99719,3.32,0.66,10.3,6
7.77,0.507,0.34,1.22,0.128,16.5,44.0,0.99608,3.29,0.83,11.6,6
5.71,0.442,0.29,1.95,0.078,8.9,30.7,0.99576,3.27,0.74,11.3,7
9.26,0.681,0.25,2.52,0.1,10.4,23.0,0.99603,3.3,0.73,11.2,6
8.76,0.567,0.26,2.29,0.071,9.7,25.9,0.99931,3.28,0.48,8.4,4
9.62,0.741,0.34,2.15,0.104,27.4,60.9,0.99884,3.21,0.44,9.2,6
9.12,0.649,0.33,0.9,0.151,42.3,90.3,0.99725,3.17,0.54,9.5,5
9.4,0.568,0.21,1.34,0.146,5.1,8.3,0.99779,3.26,0.66,9.6,5
6.36,0.815,0.19,1.79,0.042,6.3,18.6,0.99619,3.35,0.63,9.6,5
6.42,0.808,0.58,3.43,0.269,21.3,53.4,0.99959,3.33,0.67,9.3,6
8.84,0.537,0.14,1.22,0.346,9.8,22.3,0.9976,3.29,0.64,9.1,5
6.9,0.657,0.39,1.76,0.176,10.7,31.2,0.99803,3.33,0.66,9.4,6
10.2,0.679,0.4,1.68,0.063,15.0,53.4,0.99852,3.3,0.51,9.4,6
10.59,0.667,0.14,4.21,0.134,11.3,39.8,0.99829,3.2,0.45,8.4,5
7.33,0.461,0.32,1.41,0.051,17.8,55.4,0.99829,3.23,0.8,9.9,6
7.91,0.573,0.41,0.98,0.123,26.4,86.1,0.99717,3.38,0.71,10.3,6
8.56,0.408,0.46,1.53,0.228,21.2,63.2,0.99738,3.3,0.77,10.8,7
9.4,0.71,0.28,1.89,0.232,16.0,45.5,0.9989,3.23,0.74,8.4,5
10.16,0.6,0.1,2.21,0.244,13.0,30.8,0.99873,3.52,0.67,9.2,5
11.09,0.805,0.35,2.4,0.056,2.8,21.6,0.99697,3.33,0.72,10.9,6
6.74,0.926,0.39,2.42,0.08,12.1,28.8,0.99836,3.34,0.61,9.1,5
6.7,0.288,0.4,1.71,0.056,10.7,27.0,0.99643,3.35,0.89,11.8,7
10.51,0.446,0.43,5.14,0.112,13.7,43.6,0.99753,3.18,0.65,10.0,5
9.25,0.833,0.54,6.48,0.081,11.0,44.4,0.99619,3.21,0.79,11.4,6
9.77,0.582,0.08,2.2,0.146,6.0,11.9,0.99691,3.26,0.53,10.1,6
9.53,0.559,0.51,2.18,0.235,23.2,60.1,0.99792,3.18,0.79,10.0,6
10.49,0.14,0.28,2.03,0.206,29.6,77.6,0.99863,3.22,0.49,9.0,6
7.47,0.535,0.5,2.26,0.149,7.2,21.6,0.99662,3.19,0.46,11.0,7
6.59,0.86,0.24,2.5,0.068,13.4,25.6,0.99754,3.24,0.64,10.1,6
5.55,0.756,0.43,2.2,0.12,21.1,60.4,0.9984,3.3,0.54,8.4,5
10.48,0.747,0.0,1.9,0.096,11.8,30.8,0.99794,3.28,0.51,8.4,5
9.5,0.91,0.3,8.93,0.13,9.2,27.3,0.99577,3.15,0.74,9.3,5
8.87,0.571,0.13,1.33,0.131,18.7,56.1,0.99936,3.26,0.79,9.3,5
8.64,0.679,0.12,11.74,0.173,18.9,43.9,0.99951,3.32,0.53,8.4,5
8.84,0.754,0.57,1.32,0.083,5.6,21.9,0.9979,3.3,0.62,9.4,6
7.49,0.78,0.07,1.75,0.083,24.0,81.2,0.99858,3.19,0.72,9.6,5
11.43,0.467,0.2,1.67,0.055,13.0,48.8,0.99687,3.27,0.59,10.1,5
4.6,0.497,0.28,2.03,0.241,21.7,54.3,0.99757,3.3,0.76,10.0,5
7.45,0.653,0.3,1.52,0.205,9.3,6.0,0.99736,3.41,0.66,10.4,5
10.51,0.657,0.56,3.55,0.132,17.4,47.5,0.99693,3.13,0.56,9.4,6
6.17,0.564,0.26,2.64,0.053,11.1,47.9,0.99875,3.29,0.46,9.4,4
7.07,0.641,0.54,4.5,0.184,11.7,23.3,0.99902,3.12,0.67,9.4,7
7.82,0.695,0.3,2.54,0.108,14.7,56.3,0.99766,3.33,0.49,10.1,6
9.93,0.631,0.29,1.09,0.111,11.5,48.1,0.9996,3.2,0.75,8.4,5
8.46,0.504,0.49,1.66,0.169,10.2,44.9,0.99708,3.26,0.64,10.3,7
6.35,0.611,0.11,2.36,0.078,14.5,32.6,0.99871,3.4,0.77,9.2,5
7.58,0.702,0.28,9.63,0.242,8.7,8.6,0.99778,3.16,0.53,9.0,5
10.08,0.424,0.12,6.06,0.066,12.8,27.9,0.99769,3.5,0.75,9.2,7
6.43,0.507,0.77,1.96,0.097,4.3,21.0,0.99703,3.31,0.63,9.9,6
4.6,0.493,0.4,2.28,0.11,10.2,13.1,0.99677,3.38,0.67,10.6,6
9.27,0.788,0.37,1.39,0.061,18.9,65.9,0.99941,3.29,0.64,8.5,5
7.08,0.463,0.24,3.66,0.062,11.2,27.0,0.9964,3.2,0.63,9.8,6
5.4,0.548,0.0,1.49,0.119,10.2,28.8,0.99768,3.19,0.41,9.0,5
9.07,0.47,0.52,1.48,0.08,16.9,40.5,0.99835,3.33,0.64,9.8,7
6.98,0.537,0.23,1.87,0.147,27.7,76.2,0.99812,3.32,0.65,8.9,5
10.56,0.267,0.5,1.92,0.081,9.4,38.8,0.99861,3.26,0.66,8.4,5
6.85,0.598,0.21,1.46,0.047,3.9,6.0,0.99682,3.37,0.43,10.9,3
8.54,0.717,0.22,1.38,0.073,22.2,84.2,0.99708,3.38,0.55,9.9,6
8.62,0.459,0.29,3.43,0.095,11.0,21.6,0.99838,3.33,0.89,9.9,5
5.62,0.819,0.34,1.09,,4.5,22.0,0.99533,3.4,0.46,10.9,5
7.97,0.503,0.51,0.9,0.067,27.6,68.9,0.99752,3.06,0.55,9.1,7
8.25,0.363,0.04,0.9,0.176,28.0,99.2,0.9968,3.29,0.46,12.0,7
9.0,0.566,0.37,1.15,0.065,3.2,7.9,0.99821,3.23,0.71,9.7,6
8.46,0.78,0.36,1.55,0.14,8.0,30.7,0.99736,3.38,0.87,10.0,5
6.29,0.77,0.49,2.75,0.16,11.0,47.6,0.99738,3.37,0.83,9.9,5
10.4,0.885,0.01,1.02,0.2,16.6,62.4,0.99905,3.24,0.72,8.4,5
8.25,0.483,0.37,2.12,0.061,33.1,87.1,0.99729,3.51,0.71,10.7,5
8.44,0.501,0.27,2.45,0.036,12.4,44.9,0.99924,3.16,0.57,8.7,5
10.33,0.652,0.51,4.31,0.17,8.7,33.7,0.99443,3.28,0.75,11.1,6
5.97,0.593,0.1,1.33,0.105,8.6,24.3,0.99917,3.48,0.74,8.4,5
11.03,0.579,0.08,3.43,0.069,11.0,42.5,0.99776,3.41,0.68,9.5,5
6.66,0.65,0.26,3.79,0.164,11.8,46.7,0.99767,3.26,0.7,9.7,6
9.19,0.672,0.4,2.14,0.095,29.0,85.2,0.99728,3.16,0.8,9.5,5
7.23,0.16,0.6,1.26,0.114,14.9,55.5,0.99618,3.27,0.84,10.9,7
8.72,0.61,0.5,2.66,0.279,19.3,42.2,0.99732,3.35,0.71,10.6,6
7.34,0.492,0.42,2.69,0.094,8.2,34.3,0.99762,3.13,0.62,10.0,7
8.32,0.342,0.33,4.33,0.116,11.2,25.1,0.99589,3.43,0.96,10.8,6
9.18,0.358,0.18,3.09,0.085,8.1,36.2,0.99575,3.37,0.83,10.8,6
7.26,0.783,0.21,1.54,0.125,13.2,37.8,0.99895,3.29,0.65,8.4,5
7.12,0.646,0.28,1.22,0.129,12.2,33.7,0.99782,3.23,0.64,9.9,5
11.34,0.594,0.58,2.63,0.1,5.5,15.6,0.99737,3.34,0.83,10.5,6
10.32,0.206,0.0,2.09,0.091,7.6,18.0,0.99611,3.21,0.92,10.8,7
6.75,0.738,0.53,2.77,0.101,12.7,37.1,0.99714,3.31,0.53,9.2,5
8.08,0.564,0.18,2.74,0.062,5.2,16.1,0.99711,3.36,0.78,10.2,6
8.01,0.528,0.25,2.67,0.077,8.6,22.4,0.99739,3.4,0.56,10.0,6
10.49,0.724,0.12,3.27,0.129,44.7,129.0,0.9984,3.44,0.48,9.5,5
10.11,0.794,0.25,2.97,0.284,22.3,68.7,0.99683,3.35,0.51,10.6,5
11.14,0.846,0.04,1.89,0.079,9.0,29.2,0.99745,3.26,0.64,10.0,6
8.49,0.522,0.0,2.36,0.07,12.1,43.0,0.99633,3.42,0.73,9.1,5
11.37,0.317,0.32,1.98,0.204,21.6,68.7,0.99674,3.24,0.72,10.4,6
10.9,0.12,0.41,3.24,0.103,4.8,22.3,0.99721,3.29,0.66,10.1,8
7.49,0.891,0.1,1.26,0.124,12.4,37.4,0.99772,3.48,0.38,9.4,4
8.42,0.754,0.44,1.66,0.05,14.0,33.2,0.99687,3.29,0.4,9.4,5
7.63,0.43,0.44,4.01,0.148,3.1,11.1,0.99787,3.29,0.77,10.8,7
7.53,0.462,0.22,2.0,0.115,8.1,17.4,0.99863,3.45,0.88,9.0,6
9.11,0.791,0.44,3.42,0.112,11.0,35.4,0.9979,3.27,0.74,10.3,5
10.46,0.637,0.19,3.07,0.115,16.4,44.9,0.99845,3.3,0.8,8.8,5
7.5,0.523,0.44,3.15,0.107,11.4,28.1,0.99744,3.36,0.67,9.9,5
9.91,0.632,0.34,2.58,0.081,18.2,58.9,0.99821,3.22,0.47,9.3,6
7.37,0.548,0.05,5.36,0.14,8.8,33.2,0.99842,3.39,0.64,9.3,7
7.95,0.475,0.51,3.41,0.117,14.3,42.0,0.99744,3.36,0.75,8.5,5
6.98,0.524,0.21,2.16,0.096,10.6,47.8,0.99653,3.31,0.74,10.5,5
7.87,0.521,0.27,2.22,0.111,19.3,46.0,0.9972,3.41,0.47,10.2,6
10.65,0.431,0.35,1.66,0.156,12.0,17.5,0.99493,3.2,0.76,12.3,7
9.32,0.633,0.07,4.38,0.114,19.4,65.5,0.99858,3.19,0.53,9.0,5
6.96,0.504,0.05,0.9,0.255,9.5,36.3,0.99668,3.26,0.51,10.4,5
5.84,0.631,0.2,2.39,0.218,11.0,33.0,0.99892,3.34,0.69,8.4,3
9.05,0.826,0.26,1.42,0.085,10.7,19.5,0.99597,3.21,0.71,10.6,6
6.19,0.401,0.76,2.11,0.061,14.2,51.6,0.99784,3.39,0.66,9.8,6
9.89,0.522,0.49,4.2,0.09,16.0,41.7,0.99582,3.31,0.77,11.0,7
8.63,0.504,0.07,2.17,0.068,10.4,39.8,1.00016,3.47,0.67,8.4,6
11.84,0.575,0.0,3.17,0.078,9.6,25.5,0.99617,3.11,0.78,10.4,6
9.91,0.446,0.05,0.97,0.064,31.8,105.9,0.99694,3.18,1.0,10.6,7
10.06,0.796,0.34,2.73,0.08,24.8,92.3,0.99929,3.39,0.53,8.4,5
9.42,0.793,0.49,2.02,0.123,9.0,14.2,0.9994,3.28,0.89,10.1,5
8.61,0.566,0.04,2.33,0.135,4.7,12.3,0.99806,3.29,0.54,8.4,5
10.45,0.815,0.49,1.64,0.214,40.5,131.7,0.99966,3.37,0.38,8.5,5
6.04,0.529,0.39,1.06,0.086,18.2,45.8,0.99594,3.32,0.69,11.4,6
8.37,0.512,0.4,2.19,0.278,8.0,26.3,0.99859,3.27,0.76,9.6,6
8.14,0.36,0.13,3.26,0.1,7.5,37.7,0.99798,3.48,0.64,9.2,6
5.35,0.919,0.25,3.15,0.121,14.1,50.6,0.99736,3.36,0.71,9.4,6
7.82,0.475,0.47,0.9,0.057,28.2,67.0,0.99689,3.42,0.82,9.7,7
7.64,0.457,0.33,2.41,0.303,15.2,33.5,0.998,3.28,0.56,10.0,6
8.32,0.768,0.18,1.42,0.073,11.2,39.1,0.99562,3.26,0.67,12.2,5
8.95,0.66,0.42,1.74,0.068,49.6,124.9,1.00083,3.22,0.6,9.0,5
8.3,0.678,0.28,1.98,0.067,7.9,33.8,0.99579,3.17,0.7,10.9,7
9.57,0.614,0.15,2.49,0.165,32.8,103.5,0.9968,3.21,0.54,9.1,6
9.06,0.854,0.21,3.92,0.24,10.8,30.3,0.99522,3.2,0.55,11.6,5
8.88,0.785,0.06,2.13,0.059,20.1,61.8,0.99838,3.34,0.73,8.4,5
8.94,0.412,0.28,3.68,0.1,10.1,21.9,0.99878,3.29,0.71,9.0,6
6.54,0.665,0.36,1.44,0.173,17.0,55.9,0.99844,3.28,0.66,9.2,5
5.66,0.507,0.43,1.6,0.117,33.1,102.5,0.99752,3.48,0.69,9.1,5
7.74,0.707,0.06,2.19,0.253,20.3,48.1,0.996,3.2,0.55,9.7,5
8.15,0.462,0.46,2.26,0.065,8.4,10.7,0.996,3.28,0.59,11.2,7
6.99,0.724,0.57,1.27,0.115,22.6,75.3,0.99758,3.4,0.66,10.7,6
8.2,0.456,0.4,2.95,0.074,20.4,65.5,0.99575,3.25,0.83,11.0,7
7.5,0.691,0.59,1.56,0.108,7.8,21.6,0.99561,3.24,0.71,11.0,6
9.26,0.722,0.38,0.9,0.13,7.8,15.3,0.99884,3.48,0.49,9.9,5
9.84,0.827,0.24,4.04,0.087,33.9,103.5,0.99814,3.53,0.72,9.6,5
9.18,0.626,0.31,1.3,0.076,7.7,12.1,0.99674,3.39,0.69,10.3,7
5.85,0.71,0.13,2.47,0.118,3.3,11.3,0.99693,3.31,0.68,10.0,5
7.84,0.792,0.41,3.55,0.1,11.1,39.8,0.99685,3.16,0.62,10.3,5
8.77,0.557,0.25,8.18,0.175,11.0,29.1,0.9993,3.33,0.68,9.1,5
7.54,0.625,0.4,3.29,0.085,25.3,84.5,0.99921,3.39,0.59,8.8,5
5.77,0.471,0.36,3.49,0.217,17.6,52.9,0.99647,3.33,0.68,11.2,5
8.31,0.213,0.29,2.82,0.118,10.1,43.8,0.99479,3.38,0.86,11.4,8
10.29,0.427,0.34,6.55,0.044,14.7,44.7,0.99726,3.1,0.76,9.7,6
7.38,0.632,0.46,1.36,0.088,12.4,47.8,0.99889,3.48,0.54,8.8,5
8.01,0.206,0.36,3.08,0.107,10.4,39.8,0.99584,3.23,0.58,10.7,6
9.71,0.496,0.05,1.13,0.228,17.3,56.8,0.99957,3.21,0.55,8.4,5
7.61,0.674,0.0,1.61,0.052,13.6,37.3,0.99805,3.42,0.51,9.1,5
9.65,0.703,0.27,2.47,0.154,5.3,6.6,0.9976,3.16,0.76,9.2,4
8.88,0.651,0.27,6.76,0.084,22.2,68.5,0.99609,3.1,0.81,10.4,5
5.59,0.451,0.0,1.82,0.081,8.5,24.9,0.99575,3.32,0.63,11.2,6
9.64,0.746,0.2,0.9,0.033,15.0,24.5,0.99593,3.15,0.83,10.3,5
8.41,0.469,0.0,1.29,0.114,25.0,70.2,0.99767,3.23,0.73,9.8,5
8.32,0.729,0.5,1.96,0.061,10.2,29.2,0.99975,3.23,0.62,8.9,5
7.28,0.3,0.43,1.17,0.166,4.4,6.0,0.99535,3.4,0.86,10.6,7
8.85,0.82,0.1,1.95,0.173,10.6,26.0,0.99815,3.33,0.62,8.5,5
7.31,0.635,0.54,3.13,0.054,39.8,139.4,0.99413,3.34,0.57,11.8,7
5.96,0.702,0.17,2.98,0.089,4.7,6.0,0.99861,3.42,0.61,8.7,5
9.16,0.508,0.51,1.63,0.089,23.1,63.4,0.99577,3.35,0.75,11.0,5
7.92,0.615,0.44,1.44,0.073,29.6,105.1,0.99833,3.33,0.79,9.5,5
10.28,0.793,0.26,0.9,0.068,10.9,36.9,0.99731,3.15,0.76,9.6,5
10.42,0.252,0.21,2.66,0.114,21.6,62.5,0.99746,3.2,0.79,9.7,7
8.24,0.9,0.2,2.37,0.132,17.8,49.3,0.99884,3.29,0.68,9.8,5
8.83,0.445,0.3,0.94,0.107,19.9,49.9,0.99565,3.47,0.58,11.9,8
11.72,0.795,0.22,1.43,0.137,12.1,29.0,0.99762,3.28,0.71,10.1,5
11.13,0.58,0.17,2.33,0.146,17.5,52.4,0.99948,3.33,0.64,8.4,4
7.2,0.816,0.09,3.15,0.076,11.0,28.8,0.99865,3.38,0.43,9.0,5
8.43,0.371,0.36,1.15,0.094,10.7,14.5,0.99836,3.39,0.79,9.9,6
6.97,0.796,0.61,1.04,0.087,18.1,48.7,0.99828,3.25,0.59,8.4,5
9.32,0.479,0.35,3.1,0.103,16.9,50.4,0.99554,3.12,0.61,10.9,6
8.29,0.643,0.31,3.1,0.112,21.7,51.5,0.99999,3.05,0.58,8.6,5
9.68,0.856,0.44,3.38,0.152,4.8,9.6,0.99749,3.27,0.54,10.2,3
5.5,0.516,0.15,3.94,0.081,19.6,54.8,0.99644,3.17,0.52,10.5,5
9.91,0.723,0.2,2.19,0.074,15.9,27.7,0.99658,3.17,0.56,9.5,5
6.9,0.374,0.26,2.84,0.091,8.6,33.5,0.99564,3.16,0.55,11.0,6
7.69,0.691,0.18,2.4,0.068,19.3,51.2,0.99841,3.01,0.68,9.0,5
9.4,0.707,0.03,1.9,0.196,1.6,23.3,0.99679,3.31,0.71,9.7,7
9.83,0.626,0.17,1.16,0.052,21.1,61.5,0.99778,3.25,0.68,10.4,7
7.32,0.305,0.29,1.74,0.177,5.1,20.9,0.99672,3.27,0.7,10.1,6
6.63,0.795,0.44,1.5,0.176,13.8,30.4,0.99681,3.42,0.77,10.1,5
8.69,0.785,0.23,3.15,0.139,10.9,34.8,0.99751,3.44,0.68,9.5,6
9.44,0.466,0.22,2.5,0.126,24.5,76.9,0.99731,3.37,0.66,9.1,6
8.64,0.439,0.5,2.25,0.209,25.2,57.6,0.99807,3.17,0.66,9.4,7
6.41,0.673,0.25,3.57,0.172,19.7,46.6,0.99877,3.27,0.69,9.7,5
6.22,0.729,0.31,3.93,0.165,28.2,61.7,0.99727,3.3,0.64,10.4,6
7.24,0.467,0.19,2.33,0.236,20.9,60.2,0.99548,3.36,0.68,11.2,7
8.76,0.491,0.02,3.03,0.108,13.8,12.7,0.99674,3.3,0.56,10.0,5
8.22,0.446,0.48,4.05,0.064,14.1,49.6,0.99929,3.38,0.62,8.4,5
6.21,0.466,0.28,2.22,0.068,9.7,44.2,1.00004,3.39,0.6,8.6,5
7.07,0.58,0.65,1.78,0.194,17.4,62.8,0.99833,3.21,0.64,9.8,6
7.95,0.688,0.14,1.28,0.138,11.9,37.3,0.99957,3.34,0.88,8.5,5
8.36,0.548,0.48,1.51,0.128,9.5,15.1,0.99605,3.17,0.62,11.5,6
5.85,0.759,0.0,1.87,0.139,3.7,22.6,0.99647,3.29,0.59,10.0,5
9.47,0.453,0.39,2.83,0.193,15.3,44.3,1.00049,3.22,0.67,8.4,5
6.52,0.663,0.13,1.36,0.132,14.3,29.3,0.99947,3.3,0.74,8.4,5
7.04,0.636,0.29,3.95,0.101,15.0,35.9,0.99726,3.42,0.61,9.4,5
6.71,0.566,0.27,3.37,0.063,17.4,58.6,0.99747,3.43,0.7,10.1,5
7.97,0.883,0.52,1.67,0.091,17.0,48.7,0.99744,3.32,0.52,10.1,5
8.31,0.325,0.37,3.38,0.103,12.3,23.4,0.99741,3.36,0.7,9.3,5
7.2,0.602,0.28,1.43,0.151,9.5,34.1,0.9979,3.28,0.51,9.7,5
8.88,0.638,0.08,1.33,0.113,21.8,77.7,0.99839,3.25,0.66,9.2,5
6.05,0.323,0.12,0.9,0.131,6.9,15.4,0.99863,3.23,0.75,8.9,6
8.41,0.59,0.26,1.39,0.192,37.3,100.2,0.99833,3.34,0.8,9.3,6
7.29,0.237,0.0,0.97,0.065,15.1,44.8,0.99734,3.29,0.78,10.8,6
9.49,0.523,0.52,3.83,0.099,9.8,45.3,0.99662,3.45,0.66,11.2,6
8.37,0.629,0.0,3.14,0.133,8.4,21.7,0.99823,3.21,0.68,9.7,5
7.67,0.528,0.54,4.92,0.082,50.0,152.3,0.99903,3.2,0.86,9.7,6
9.08,0.441,0.26,1.76,0.173,14.4,48.0,0.99522,3.27,0.64,10.8,7
8.01,0.698,0.52,1.68,0.141,10.6,23.3,0.99663,3.19,0.75,10.2,7
9.88,0.701,0.11,4.29,0.189,2.8,12.5,0.99688,3.23,0.78,10.4,6
7.84,0.554,0.35,2.59,0.112,16.4,29.8,0.99912,3.16,0.62,9.4,5
9.18,0.607,0.36,1.38,0.088,26.9,67.4,0.99782,3.29,0.8,9.8,6
7.01,0.55,0.0,1.99,0.175,4.9,6.0,0.99617,3.34,0.57,11.0,6
8.91,0.359,0.19,2.57,0.037,10.8,46.1,0.99859,3.31,0.74,9.4,5
5.75,0.644,0.61,1.84,0.097,8.5,13.6,0.99832,3.38,0.74,9.7,6
6.44,0.846,0.36,2.57,0.161,15.7,24.1,0.9965,3.24,0.54,10.3,5
7.1,0.761,0.41,2.48,0.082,19.7,63.0,0.99949,3.37,0.78,9.2,5
10.77,0.64,0.0,1.07,0.086,12.6,32.9,0.99624,3.2,0.67,10.5,6
10.37,0.429,0.29,2.97,0.079,40.2,140.6,0.99735,3.21,0.63,10.8,7
8.88,0.483,0.58,0.9,0.174,11.3,40.8,0.99708,3.28,0.49,10.7,6
5.66,0.382,0.49,2.3,0.116,11.9,30.3,0.99623,3.41,0.67,10.7,6
8.87,0.594,0.23,2.22,0.101,9.8,31.2,0.99759,3.21,0.52,10.0,5
7.6,0.387,0.33,1.31,0.1,17.7,53.2,0.99728,3.04,0.6,8.6,6
6.5,0.681,0.35,1.18,0.135,21.7,41.7,0.9975,3.32,0.86,10.4,5
9.73,0.649,0.34,9.3,0.111,27.5,89.5,0.99657,3.26,0.74,10.5,6
10.73,0.838,0.0,2.02,0.186,23.5,56.8,0.99793,3.18,0.8,9.2,6
9.31,0.768,0.41,3.91,0.064,26.8,109.6,0.99809,3.37,0.51,9.7,5
9.55,0.556,0.19,1.84,0.106,12.4,30.6,0.99668,3.2,0.88,11.0,6
12.9,0.754,0.15,1.58,0.112,18.4,64.3,0.99967,3.25,0.53,8.4,3
9.36,0.611,0.13,8.39,0.142,5.7,18.6,0.99772,3.24,0.67,8.5,5
5.13,0.363,0.16,0.91,0.146,18.0,68.0,0.99656,3.26,0.54,10.8,6
8.81,0.663,0.36,3.49,0.092,12.9,29.1,0.99865,3.38,0.7,10.1,6
8.96,0.531,0.52,4.41,0.04,8.7,34.4,0.99554,3.29,0.46,9.1,5
7.52,0.376,0.09,3.71,0.196,16.5,46.4,0.99754,3.29,0.65,9.9,6
6.21,0.426,0.05,1.86,0.231,19.1,57.5,0.99798,3.49,0.59,9.6,5
6.89,0.62,0.28,1.28,0.176,24.6,50.9,0.99584,3.36,0.63,11.1,6
8.57,0.67,0.31,3.14,0.121,19.8,33.5,0.99625,3.39,0.5,10.4,5
8.0,0.694,0.26,0.9,0.215,7.3,27.7,0.99821,3.33,0.33,8.4,4
9.51,0.521,0.01,3.59,0.152,12.6,44.7,0.99546,3.19,0.71,10.6,5
10.14,0.601,0.21,1.65,0.198,7.2,9.2,0.99659,3.33,0.4,9.6,6
10.27,0.483,0.59,1.69,0.154,28.1,65.0,0.9958,3.22,0.66,10.0,7
9.26,0.566,0.13,1.16,0.097,6.4,14.0,0.99851,3.15,0.6,9.4,5
9.32,0.728,0.32,0.98,0.088,15.6,49.7,0.99662,3.41,0.62,10.6,5
7.28,0.436,0.2,2.25,0.039,12.7,41.7,0.99655,3.27,0.57,9.7,5
5.42,0.256,0.42,2.16,0.11,3.6,6.0,0.9947,3.45,0.66,12.5,7
8.51,0.619,0.33,1.11,0.137,12.6,42.8,0.99669,3.32,0.6,10.1,5
8.79,0.557,0.33,1.22,0.087,5.6,23.7,0.99753,3.53,0.62,10.8,5
6.51,0.495,0.25,3.27,0.091,14.5,28.2,0.99612,3.33,0.67,10.3,7
7.62,0.732,0.46,1.94,0.092,17.5,54.6,0.99834,3.2,0.58,9.2,5
9.55,0.269,0.21,3.2,0.114,8.8,20.5,0.99743,3.09,0.83,10.6,8
5.75,0.371,0.21,0.9,0.156,15.2,34.5,0.99605,3.52,0.58,10.5,6
5.47,0.685,0.18,1.37,0.183,14.6,27.9,0.99624,3.46,0.85,11.1,6
8.05,0.614,0.37,2.49,0.07,8.4,21.4,0.99416,3.39,0.7,11.6,6
11.23,0.191,0.34,2.55,0.095,12.1,37.1,0.99594,3.31,0.68,11.2,7
9.12,0.558,0.25,3.21,0.12,9.0,21.5,0.99591,3.12,0.84,10.6,5
9.62,0.894,0.27,3.06,0.068,25.5,57.6,0.99754,3.37,0.71,10.0,6
7.29,0.505,0.14,1.94,0.139,13.9,55.0,0.99667,3.3,0.67,9.9,5
5.37,0.687,0.18,0.9,0.119,8.5,21.1,0.99544,3.16,0.59,10.9,6
6.1,0.4,0.18,2.16,0.075,15.8,50.7,0.99746,3.34,0.57,10.1,5
11.11,0.504,0.51,0.9,0.138,8.7,39.2,0.99537,3.44,0.59,10.4,5
7.8,0.418,0.47,2.1,0.098,9.0,21.2,0.99902,3.29,0.58,8.9,5
8.6,0.705,0.31,2.14,0.163,13.6,31.8,0.99675,3.35,0.63,10.4,5
9.91,0.363,0.15,3.39,0.16,13.8,43.4,0.9982,3.25,0.66,8.6,6
8.04,0.709,0.17,2.69,0.097,27.3,78.4,0.99766,3.44,0.66,9.5,6
8.56,0.644,0.27,2.31,0.096,2.7,6.0,0.9963,3.44,0.6,11.1,6
7.49,0.342,0.36,3.59,0.062,6.4,13.6,0.99832,3.44,0.55,8.7,5
7.69,0.398,0.11,2.11,0.246,12.0,51.2,0.99914,3.37,0.67,9.9,5
11.57,0.533,0.66,1.89,0.103,14.5,27.3,0.99737,3.32,0.9,10.0,7
6.98,0.894,0.44,1.91,0.136,19.1,44.5,0.99575,3.39,0.58,11.1,5
6.85,0.638,0.23,0.98,0.121,14.2,35.8,0.99782,,0.53,10.0,6
6.5,0.409,0.05,2.91,0.156,10.4,35.0,0.99692,3.33,0.74,10.4,6
8.47,0.505,0.58,1.42,0.071,10.5,18.2,0.99765,3.35,0.77,10.0,7
7.69,0.692,0.31,1.09,0.171,15.8,35.7,0.99734,3.23,0.69,9.7,6
9.32,0.621,0.43,2.46,0.214,17.2,53.0,0.99641,3.32,0.93,9.8,5
4.72,0.591,0.0,2.99,0.116,17.4,49.5,0.99704,3.47,0.45,9.6,5
7.94,0.412,0.34,1.26,0.074,33.4,131.6,0.99892,3.39,0.39,9.7,5
12.24,0.525,0.32,2.84,0.071,11.6,28.8,0.99624,3.25,0.49,10.4,6
10.26,0.36,0.52,3.22,0.191,5.6,9.4,0.99547,3.36,0.64,10.7,7
9.1,0.476,0.58,1.71,0.169,21.4,64.7,0.99786,3.46,0.77,9.4,6
11.34,0.563,0.54,1.66,0.123,13.9,24.6,0.99871,3.18,0.77,9.0,5
8.57,0.613,0.17,1.28,0.191,11.8,34.2,0.99668,3.52,0.74,11.0,5
6.65,0.706,0.24,1.97,0.055,13.4,28.4,0.99752,3.43,0.58,9.8,5
8.6,0.673,0.3,1.54,0.158,7.7,22.6,0.9991,3.33,0.57,9.4,7
8.09,0.274,0.0,1.08,0.204,20.1,46.9,0.99575,3.27,0.73,10.6,7
10.42,0.623,0.65,0.9,0.06,17.7,52.6,0.99769,3.35,0.81,9.5,6
10.55,0.451,0.51,2.41,0.151,24.3,97.8,0.99639,3.37,0.74,11.0,6
9.05,0.645,0.36,2.67,0.232,25.5,98.7,0.9986,3.49,0.43,8.6,6
7.44,0.747,0.05,3.95,0.166,20.6,41.9,0.99682,3.25,0.78,10.0,5
8.47,0.563,0.35,1.98,0.084,16.8,27.1,0.99838,3.24,0.67,10.0,6
8.93,0.29,0.44,1.66,0.133,25.4,96.9,0.99611,3.51,0.78,9.7,6
6.51,0.751,0.15,1.21,0.119,22.3,54.4,1.00014,3.43,0.33,8.5,6
7.98,0.725,0.42,2.31,0.286,20.7,62.7,0.99514,3.18,0.81,12.0,7
11.46,0.492,0.22,1.98,0.142,9.8,31.3,0.99529,3.21,0.64,11.0,7
8.01,0.436,0.46,1.32,0.076,10.2,55.7,0.99685,3.17,0.73,10.8,7
10.48,0.541,0.05,2.54,0.1,8.6,22.5,0.99673,3.15,0.53,9.5,5
8.5,0.71,0.12,1.83,0.071,8.0,17.6,0.99461,3.25,0.52,10.9,5
8.1,0.668,0.01,2.47,0.057,15.3,48.4,0.99754,3.44,0.65,10.0,5
8.58,0.343,0.41,1.87,0.181,7.7,23.4,0.99619,3.16,0.58,11.1,6
8.7,0.726,0.41,1.94,0.122,25.8,86.6,0.9961,3.31,0.82,11.2,5
7.02,0.564,0.19,3.31,0.159,25.9,87.1,0.99473,3.35,0.6,11.6,7
9.24,0.575,0.26,1.35,0.23,15.2,46.6,0.99852,3.31,0.71,8.4,5
12.1,0.714,0.56,2.89,0.045,28.2,97.2,0.99602,3.22,0.68,9.6,5
10.44,0.633,0.29,4.31,0.117,21.7,53.4,0.99799,3.19,0.59,9.0,5
5.97,0.418,0.36,0.9,0.122,8.2,45.9,0.99694,3.3,0.72,10.3,7
9.83,0.555,0.27,2.69,0.124,18.5,75.5,0.99587,3.29,0.65,11.2,6
7.33,0.329,0.26,2.46,0.094,14.5,46.8,0.99499,3.46,0.65,11.8,6
8.0,0.665,0.13,0.9,0.136,5.0,13.6,0.99757,3.33,0.81,10.3,6
5.6,0.479,0.43,1.45,0.142,17.9,54.4,0.9958,3.41,0.34,11.3,7
5.84,0.394,0.56,3.49,0.13,5.3,23.3,0.99624,3.34,0.73,9.8,6
6.34,0.374,0.72,11.17,0.095,12.2,25.9,0.99765,3.46,0.9,10.0,6
11.35,0.79,0.18,1.61,0.076,17.4,38.7,0.99766,3.47,0.56,10.6,5
8.13,0.526,0.34,2.51,0.103,12.5,22.4,0.99868,3.27,0.58,9.7,6
7.58,0.49,0.36,5.4,0.088,12.2,40.2,0.99661,3.35,0.65,10.3,6
10.17,0.669,0.15,1.12,0.135,10.5,24.3,0.99651,3.5,0.76,10.6,6
7.43,0.882,0.38,3.15,0.342,5.1,16.5,0.99666,3.34,0.55,9.8,5
8.62,0.868,0.27,1.97,0.167,11.0,37.2,0.99556,3.28,0.68,10.8,6
9.27,0.611,0.2,2.21,0.117,10.3,42.7,0.99546,3.1,0.57,11.0,6
5.2,0.571,0.04,0.9,0.132,3.2,16.0,0.99737,3.5,0.58,9.1,5
9.13,0.472,0.49,2.63,0.102,16.4,52.2,0.99657,3.37,0.48,10.9,6
7.73,0.335,0.03,2.65,0.097,21.7,58.4,0.99786,3.18,0.48,8.7,5
10.09,0.879,0.27,1.67,0.062,25.0,75.9,0.9965,3.56,0.84,10.5,6
8.21,0.737,0.05,1.97,0.08,3.4,11.1,0.99675,3.29,0.85,10.5,6
6.79,0.437,0.6,2.38,0.083,20.1,64.4,0.99791,3.42,0.39,9.5,5
7.19,0.671,0.53,2.66,0.189,14.2,22.7,0.99784,3.32,0.85,10.5,6
5.9,0.503,0.16,1.87,0.166,7.6,30.8,0.99643,3.3,0.72,11.0,7
9.35,0.723,0.47,4.65,0.165,9.7,34.7,0.99874,3.26,0.57,8.4,4
5.14,0.366,0.42,2.12,0.242,19.4,57.8,0.99817,3.26,0.59,10.1,7
8.93,0.339,0.33,1.5,0.083,33.8,99.6,0.99809,3.12,0.74,9.5,6
9.84,0.64,0.3,1.24,0.179,18.6,47.1,0.9967,3.35,0.54,10.8,6
9.15,0.662,0.1,3.29,0.131,12.6,28.3,0.99731,3.33,0.61,10.9,6
8.79,0.833,0.3,1.16,0.211,6.9,17.1,1.00039,3.22,0.56,8.4,4
11.16,0.61,0.32,1.05,0.251,7.2,22.4,0.99548,3.26,0.56,10.9,7
9.12,0.466,0.56,1.99,0.097,8.3,20.5,0.99752,3.17,0.6,10.0,6
5.98,0.587,0.38,2.04,0.069,21.6,67.4,0.99601,3.24,0.71,10.3,5
7.76,0.534,0.31,0.9,0.078,19.9,61.3,0.99946,3.23,0.78,9.1,5
7.93,0.379,0.27,2.06,0.156,12.4,40.8,0.99578,3.47,0.58,11.2,7
6.19,0.662,0.38,3.9,0.057,20.2,55.2,1.00008,3.37,0.87,8.7,5
4.98,0.396,0.51,2.3,0.094,28.8,68.4,0.99839,3.49,0.55,10.0,6
8.16,0.974,0.22,2.79,0.127,20.8,66.0,0.99722,3.2,0.55,9.8,5
10.81,0.748,0.43,1.17,0.279,20.5,50.6,0.99675,,0.82,11.0,7
8.48,0.31,0.43,4.72,0.082,22.0,67.5,0.99649,3.41,0.33,10.5,6
9.41,0.601,0.27,1.95,0.166,16.9,66.9,0.9983,3.22,0.75,9.2,6
7.51,0.425,0.69,5.22,0.149,25.1,61.9,0.99868,3.32,0.69,9.3,7
9.9,0.457,0.44,1.47,0.097,25.4,46.2,0.99782,3.35,0.6,10.1,6
11.53,0.637,0.39,3.07,0.228,27.9,71.5,0.99897,3.21,0.61,8.5,5
9.06,0.758,0.11,2.27,0.108,22.1,63.4,0.99979,3.31,0.41,8.4,5
8.52,0.442,0.34,3.91,0.123,7.8,10.0,0.99793,3.13,0.41,8.9,6
9.67,0.679,0.23,1.19,0.061,13.6,51.2,0.99767,3.14,0.73,9.3,5
10.14,0.671,0.24,1.51,0.074,5.4,12.7,0.99787,3.32,0.68,9.3,6
8.98,0.685,0.46,2.41,0.078,17.5,44.8,0.99696,3.44,0.69,10.5,4
8.84,0.962,0.15,2.6,0.094,10.8,26.8,0.99784,3.27,0.48,9.2,6
8.83,0.365,0.12,2.92,0.118,21.4,64.1,0.99617,3.15,0.76,11.3,6
5.93,0.67,0.5,2.75,0.141,10.4,22.5,0.99615,3.53,0.56,11.4,6
8.88,0.835,0.47,0.9,0.13,14.7,47.3,0.9974,3.31,0.65,8.8,5
10.05,0.336,0.33,1.74,0.058,4.5,8.5,0.99704,3.17,0.74,10.2,6
6.1,0.773,0.0,1.91,0.154,24.5,86.0,1.00024,3.17,0.64,8.5,5
10.82,0.781,0.34,3.08,0.077,14.1,49.5,0.99772,3.48,0.59,9.6,6
8.04,0.426,0.0,0.9,0.06,24.5,68.5,0.99782,3.27,0.48,8.7,5
7.06,0.329,0.19,1.98,0.077,6.5,14.9,0.99853,3.32,0.74,8.4,5
9.27,0.464,0.27,1.06,0.118,10.9,47.3,0.99652,3.14,0.81,10.6,7
5.45,0.627,0.27,2.1,0.155,9.1,31.9,0.99811,3.36,0.63,9.3,5
6.81,0.391,0.15,3.36,0.269,19.1,59.2,0.99685,3.19,0.98,8.8,7
7.88,0.855,0.57,2.23,0.089,16.2,54.9,0.99655,3.34,0.78,11.0,7
7.27,0.668,0.27,2.84,0.09,36.0,94.0,0.99695,3.2,0.54,10.3,5
6.01,0.427,0.0,1.93,0.105,14.3,44.7,0.99818,3.38,0.52,8.8,5
9.24,0.775,0.09,3.2,0.067,36.4,78.6,0.99777,3.32,0.61,8.7,5
7.72,0.821,0.32,0.9,0.072,13.5,39.5,0.99945,3.38,0.57,8.6,5
7.84,0.375,0.38,2.15,0.127,15.7,59.9,0.99721,3.18,0.85,9.7,7
9.02,0.727,0.23,6.23,0.087,18.4,47.9,0.99865,3.34,0.43,9.1,5
5.23,0.49,0.07,1.41,0.05,18.3,59.6,0.9961,3.38,0.52,10.4,6
7.17,0.658,0.25,1.22,0.058,14.7,32.5,0.99805,3.34,0.82,8.4,5
8.25,0.457,0.45,4.88,0.095,36.1,97.7,0.99663,3.44,0.76,10.6,7
8.07,0.684,0.2,1.29,0.071,3.4,8.4,0.99771,3.21,0.84,9.2,5
10.04,0.79,0.0,2.19,0.073,26.6,86.5,0.99764,3.14,0.64,9.1,5
7.58,0.457,0.21,0.9,0.078,18.9,42.5,0.99649,3.33,0.58,11.6,6
8.58,0.563,0.0,1.61,0.143,8.1,31.3,0.99704,3.33,0.63,10.4,5
11.9,0.325,0.38,2.55,0.07,12.6,40.1,0.99517,3.26,0.77,11.8,7
10.22,0.785,0.04,2.0,0.11,20.2,68.5,0.99896,3.24,0.64,9.3,5
8.41,0.504,0.31,1.75,0.12,12.1,37.3,0.99732,3.41,1.01,9.1,7
8.49,0.573,0.35,0.9,0.177,10.5,30.7,0.99514,3.24,0.89,10.3,7
8.43,0.857,0.33,3.45,0.102,15.7,31.6,0.99765,3.21,0.48,9.7,5
6.29,0.614,0.24,1.27,0.069,18.9,57.6,0.99696,3.37,0.59,10.0,5
9.88,0.605,0.33,1.06,0.209,18.8,52.6,0.99846,3.18,0.48,8.4,5
9.34,0.573,0.05,3.39,0.066,20.3,42.2,0.99774,3.29,0.5,9.8,5
10.09,0.722,0.44,4.33,0.178,12.1,26.9,0.99711,3.15,0.66,10.7,6
6.22,0.359,0.22,1.69,0.17,7.5,15.5,0.99682,3.37,0.49,9.9,5
7.51,0.51,0.36,0.9,0.133,11.3,23.0,0.99737,3.26,0.66,9.9,6
8.61,0.603,0.34,1.06,0.065,25.1,75.6,0.99663,3.56,0.59,9.0,5
11.88,0.732,0.0,1.77,0.095,2.7,8.7,0.99739,3.15,0.66,8.6,5
6.65,0.508,0.45,6.84,0.069,7.7,16.0,0.99676,3.32,0.78,9.1,6
8.94,0.55,0.22,3.9,0.146,7.5,35.7,0.99929,3.24,0.83,9.0,5
9.03,0.598,0.44,3.21,0.113,18.1,54.3,0.9975,3.27,0.64,9.4,5
8.97,0.684,0.56,3.31,0.069,10.0,12.9,0.99773,3.32,0.7,10.5,5
10.15,0.434,0.25,0.9,0.169,6.2,8.7,0.99646,3.39,0.67,10.9,5
5.76,0.496,0.27,1.61,0.099,16.9,25.8,0.99878,3.34,0.63,9.3,5
9.17,0.598,0.11,0.9,0.117,5.9,18.0,0.9961,3.41,0.77,9.9,5
6.84,0.523,0.2,1.88,0.224,8.2,16.3,0.9965,3.25,0.52,10.8,5
8.91,0.616,0.53,0.9,0.12,2.6,9.0,0.9967,3.37,0.57,9.8,6
7.67,0.567,0.42,1.69,0.549,24.0,68.2,0.99559,3.28,0.67,10.9,6
4.6,0.728,0.09,4.07,0.167,15.0,36.1,0.99557,3.44,0.75,10.6,6
8.81,0.798,0.29,1.04,0.033,12.1,50.1,0.99757,3.21,0.59,9.5,5
8.74,0.475,0.14,1.4,0.073,5.6,21.2,0.9991,3.26,0.69,8.6,4
8.42,0.419,0.25,2.76,0.25,24.4,72.9,0.9991,3.22,0.81,9.3,6
8.82,0.569,0.88,1.18,0.102,10.0,12.9,0.99702,3.17,0.51,9.8,5
8.33,0.464,0.15,2.42,0.204,17.6,57.6,0.99664,3.44,0.7,10.3,5
9.36,0.298,0.04,3.01,0.121,15.8,53.3,0.99528,3.44,0.64,11.6,7
10.2,0.42,0.36,3.63,0.068,29.5,95.7,0.99643,3.3,0.49,10.7,6
9.73,0.515,0.35,4.24,0.241,6.6,28.7,0.99809,3.4,0.89,9.5,6
4.6,0.815,0.13,0.9,0.07,14.2,43.2,0.9971,3.53,0.87,10.9,5
7.43,0.687,0.37,3.07,0.057,27.7,94.3,0.99718,3.4,0.55,9.7,6
10.15,0.523,0.05,3.22,0.113,12.2,34.9,0.99672,3.21,0.46,9.7,5
7.72,0.591,0.13,1.97,0.161,19.9,44.9,0.99669,3.2,0.75,10.6,5
8.63,0.853,0.0,1.24,0.096,8.9,27.4,1.00009,3.11,0.52,8.6,5
5.55,0.567,0.46,2.16,0.253,12.9,33.9,0.99638,3.26,0.61,10.5,5
6.49,0.71,0.42,2.4,0.155,23.5,93.6,0.9979,3.3,0.77,9.5,5
9.52,0.777,0.1,0.9,0.15,6.6,15.9,0.99758,3.34,0.63,11.1,6
7.26,0.537,0.0,2.58,0.119,9.0,16.4,0.998,3.28,0.86,10.7,6
4.68,0.597,0.2,1.32,0.166,4.4,13.8,0.99718,3.28,0.61,9.9,5
7.26,0.854,0.51,2.02,0.24,11.2,26.2,0.99703,3.23,0.66,9.7,5
5.41,0.54,0.34,1.51,0.069,13.9,35.0,0.99619,3.36,0.88,9.6,6
5.58,0.55,0.41,2.76,0.22,1.9,6.0,0.99522,3.22,0.63,11.5,7
7.47,0.502,0.27,1.52,0.04,29.7,116.4,0.99723,3.22,0.67,10.5,6
8.29,0.309,0.0,1.4,0.102,7.1,10.8,0.99608,3.44,0.59,10.2,6
9.9,0.613,0.26,1.39,0.134,16.0,47.2,0.99727,3.51,0.37,9.3,5
4.6,0.675,0.21,1.01,0.213,11.1,41.7,0.99546,3.29,0.53,11.0,5
7.67,0.702,0.2,2.26,0.16,7.6,32.1,0.99746,3.16,0.65,10.0,6
9.32,0.531,0.37,4.77,0.414,23.2,70.1,0.99962,3.4,0.49,8.4,5
9.7,0.386,0.67,2.01,0.04,2.9,6.5,0.99628,3.18,0.64,10.0,5
9.73,0.903,0.01,1.2,0.101,13.4,26.2,0.9971,3.25,0.75,10.1,5
6.23,0.597,0.16,2.12,0.14,19.2,48.1,0.99828,3.25,0.6,8.7,5
10.42,0.568,0.31,2.15,0.09,15.5,49.7,0.99753,3.35,0.89,10.4,8
8.99,0.46,0.54,1.7,0.104,12.4,23.2,0.99898,3.24,0.75,8.8,6
9.09,0.735,0.51,0.9,0.052,14.8,58.9,0.99775,3.43,0.52,8.9,6
11.28,0.625,0.35,1.1,0.098,20.1,48.7,0.99703,3.18,0.57,10.3,5
7.83,0.794,0.27,3.82,0.075,19.1,64.7,0.99805,3.3,0.5,9.8,6
6.86,0.751,0.04,1.5,0.274,23.6,82.9,0.99795,3.5,0.41,9.4,6
6.91,0.618,0.26,3.85,0.097,7.7,28.8,0.99722,3.36,0.65,9.3,6
5.18,0.565,0.13,3.67,0.196,20.3,74.0,0.99516,3.37,0.52,11.2,7
8.79,0.691,0.24,1.2,0.166,16.3,55.4,0.99826,3.17,0.48,9.1,5
8.61,0.506,0.46,1.2,0.134,21.3,68.1,0.99823,3.3,0.7,9.8,5
10.74,0.639,0.1,2.15,0.094,8.0,17.3,0.99987,3.25,0.45,9.1,5
7.72,0.468,0.19,4.55,0.082,18.8,42.2,0.99662,3.49,0.74,10.5,6
8.35,0.613,0.41,4.22,0.163,7.8,38.2,0.99789,3.36,0.75,9.4,6
7.84,0.799,0.25,2.53,0.088,22.8,46.7,0.99796,3.4,0.85,9.7,4
9.74,0.69,0.4,1.54,0.089,14.5,49.5,0.99686,3.38,0.57,9.9,5
10.06,0.576,0.48,3.06,0.143,14.5,47.9,0.99886,3.18,0.75,8.5,6
6.83,0.312,0.19,2.88,0.107,9.9,17.5,0.99899,3.39,0.72,9.6,5
9.81,0.521,0.21,3.9,0.125,7.2,24.1,0.99656,3.34,0.77,11.3,6
9.21,0.434,0.35,1.6,0.144,11.2,25.9,0.99419,3.29,0.78,12.1,7
11.29,0.355,0.34,1.75,0.115,20.3,46.4,0.99619,3.33,0.57,11.1,5
6.95,0.521,0.28,1.8,0.198,28.8,84.7,0.99744,3.14,0.62,9.4,5
9.4,0.67,0.38,1.34,0.03,14.7,57.1,0.99871,3.22,0.67,8.4,6
8.58,0.78,0.47,3.5,0.198,35.5,93.2,0.99621,3.3,0.57,10.2,6
5.95,0.278,0.45,4.19,0.121,16.5,33.0,0.99945,3.15,0.73,8.7,6
7.9,0.75,0.36,1.79,0.091,13.5,41.7,0.99803,3.43,0.89,9.5,6
7.97,0.454,0.38,1.14,0.125,18.8,53.6,0.99706,3.18,0.65,10.7,5
9.25,0.515,0.26,1.81,0.113,16.2,58.4,0.99783,3.12,1.03,11.5,7
8.95,0.589,0.16,2.87,0.111,22.2,77.2,0.9973,3.32,0.67,9.5,5
9.57,0.538,0.24,2.12,0.065,6.1,38.4,0.99782,3.45,0.57,10.2,4
8.93,0.41,0.22,1.07,0.091,9.8,27.2,0.99667,3.26,0.84,9.4,6
7.91,0.577,0.43,2.01,0.106,18.1,49.6,0.99625,3.32,0.6,10.5,5
7.43,0.401,0.33,2.17,0.054,11.4,36.0,0.99825,3.38,0.59,8.4,5
6.87,0.513,0.18,2.98,0.2,24.5,63.7,0.99751,3.4,0.48,9.5,6
9.1,0.52,0.26,1.76,0.101,9.7,38.2,0.998,3.47,0.67,9.5,6
7.82,0.713,0.07,1.55,0.155,12.6,31.5,0.99839,3.3,0.52,9.4,5
7.52,0.587,0.32,2.6,0.188,23.8,61.2,0.99799,3.32,0.69,9.5,5
7.35,0.554,0.22,0.9,0.345,7.0,10.1,0.99682,3.31,0.71,9.2,6
7.55,0.408,0.31,2.1,0.265,20.3,34.9,0.99765,3.29,0.65,9.9,6
6.45,0.624,0.4,3.0,0.1,20.2,62.5,0.99898,3.49,0.68,9.4,7
9.06,0.766,0.28,5.26,0.221,18.0,56.2,0.99701,3.27,0.56,11.7,6
8.39,0.585,0.25,1.12,0.069,13.1,41.0,0.99659,3.5,0.76,9.7,6
6.91,0.338,0.31,4.36,0.195,27.0,70.2,0.99745,3.31,0.76,9.5,5
8.36,0.619,0.0,1.65,0.182,16.0,41.7,0.99627,3.36,0.78,11.6,6
9.71,0.789,0.45,1.94,0.187,8.8,30.9,0.99754,3.37,0.57,10.0,5
8.04,0.527,0.52,3.78,0.236,14.5,48.7,0.99881,3.4,0.49,9.6,5
5.9,0.726,0.36,3.67,0.052,15.0,43.9,0.99687,3.46,0.44,9.9,5
7.67,0.405,0.0,3.06,0.05,11.9,42.2,0.99678,3.33,0.64,10.6,6
7.95,0.374,0.29,1.7,0.084,14.5,32.2,0.99648,3.22,0.64,10.1,6
10.27,0.483,0.25,1.67,0.106,9.8,8.3,0.99763,3.12,0.48,10.5,6
10.48,0.513,0.31,4.23,0.092,28.3,70.1,0.99704,3.26,0.81,10.2,6
9.38,0.558,0.09,1.23,0.109,18.3,47.3,0.99673,3.37,0.74,9.9,6
9.14,0.389,0.26,3.05,0.089,10.2,27.8,0.99602,3.21,1.02,11.1,7
9.63,0.356,0.36,3.59,0.057,11.1,26.8,0.99587,3.19,0.51,10.3,5
9.21,0.768,0.0,2.8,0.097,23.1,55.3,0.99697,3.38,0.63,10.8,7
9.01,0.485,0.46,0.9,0.075,3.5,21.7,0.99943,3.28,0.58,8.4,5
9.68,0.556,0.58,0.99,0.103,21.1,73.6,0.99701,3.31,0.7,8.9,5
11.88,0.727,0.51,5.73,0.155,16.2,50.0,0.99713,3.3,0.68,10.2,6
7.45,0.709,0.35,1.26,0.083,41.4,130.7,0.99714,3.42,0.72,10.7,6
8.33,0.492,0.53,0.9,0.122,26.0,98.0,0.99889,3.44,0.56,9.1,6
5.88,0.618,0.33,2.9,0.152,26.6,90.6,0.99659,3.54,0.55,11.1,7
10.1,0.609,0.08,2.57,0.121,7.1,13.8,0.99666,3.07,0.76,10.2,5
7.4,0.782,0.66,0.9,0.111,15.9,49.5,0.99605,3.39,0.77,11.6,5
7.14,0.571,0.04,2.5,0.116,13.0,26.0,0.99583,3.27,0.69,10.4,5
9.49,0.38,0.14,2.46,0.101,13.4,49.3,0.99843,3.15,0.53,9.2,5
7.51,0.476,0.45,1.39,0.114,7.5,21.6,0.99616,3.41,0.81,10.6,5
7.85,0.492,0.25,3.57,0.219,26.1,100.3,1.00046,3.32,0.76,8.8,6
10.28,0.513,0.21,1.98,0.142,12.3,50.3,0.99761,3.37,0.53,9.4,5
5.58,0.688,0.44,2.63,0.283,19.7,63.5,0.99697,3.32,0.7,9.9,6
10.2,0.86,0.3,6.26,0.161,20.4,57.0,0.99836,3.23,0.54,9.4,5
7.48,0.378,0.47,2.45,0.11,17.6,38.8,0.99967,3.34,0.69,8.4,5
7.94,0.377,0.31,3.68,0.13,11.6,40.0,0.99792,3.21,0.64,10.1,6
7.62,0.635,0.44,1.38,0.129,15.7,41.8,0.99764,3.15,0.66,9.9,5
11.31,0.528,0.36,2.16,0.087,16.0,38.9,0.99782,3.09,0.7,9.5,5
10.96,0.661,0.12,3.04,0.083,26.0,61.7,0.9991,3.29,0.66,8.4,6
9.12,0.532,0.27,1.29,0.19,45.9,90.4,0.9977,3.22,0.6,9.2,5
10.12,0.366,0.25,1.6,0.101,15.8,42.0,0.99714,3.13,0.57,10.3,5
11.4,0.541,0.48,3.77,0.119,6.2,26.3,0.99676,3.21,0.72,10.5,6
9.13,0.489,0.22,5.54,0.074,5.6,10.0,0.99725,3.24,0.77,9.2,6
7.39,0.681,0.13,3.59,0.173,16.1,36.2,0.9986,3.27,0.62,9.1,5
11.77,0.834,0.22,3.0,0.222,16.2,46.5,0.99696,3.26,0.68,10.1,6
8.66,0.741,0.22,1.01,0.179,10.0,37.1,0.99944,3.53,0.86,8.9,5
4.92,0.636,0.29,1.4,0.146,8.6,18.6,0.99815,3.37,0.6,9.1,5
10.94,0.224,0.08,2.04,0.076,28.9,95.9,0.99612,3.46,0.4,9.9,6
8.06,0.416,0.26,4.12,0.236,27.8,52.3,0.9971,3.15,0.55,10.0,5
6.36,0.213,0.19,3.02,0.211,12.1,33.5,0.99592,3.28,0.79,9.9,6
10.7,0.46,0.0,1.45,0.137,17.6,64.1,0.99838,3.32,0.56,8.9,6
8.71,0.247,0.11,1.57,0.104,12.6,36.8,0.99831,3.27,0.6,9.9,6
8.99,0.461,0.43,8.9,0.239,11.9,31.2,0.99817,3.36,0.57,9.1,6
7.11,0.891,0.03,1.16,0.214,19.6,59.4,0.9965,3.33,0.73,10.0,6
8.74,0.249,0.6,1.64,0.18,14.0,41.9,0.99663,3.18,0.74,10.0,6
7.01,0.292,0.29,2.3,0.05,8.1,29.9,0.99867,3.44,0.57,10.0,6
7.65,0.527,0.38,1.1,0.095,10.9,28.1,0.99825,3.37,0.73,9.7,5
8.26,0.598,0.23,0.92,0.135,19.8,46.9,0.9966,3.36,0.7,9.5,5
9.29,0.314,0.38,1.67,0.1,4.8,16.1,0.99647,3.33,0.85,10.5,7
9.45,0.524,0.5,2.59,0.112,15.8,54.8,0.99533,3.32,0.67,12.0,7
6.7,0.64,0.22,0.95,0.158,41.2,121.4,0.99744,3.37,0.72,9.7,7
8.67,0.479,0.06,2.41,0.094,13.2,31.0,0.99642,3.14,0.9,10.1,6
7.88,0.747,0.27,5.76,0.102,4.4,8.6,0.99813,3.24,0.53,9.5,5
6.6,0.471,0.39,2.07,0.168,14.6,48.3,0.99695,3.46,0.56,9.8,6
11.24,0.204,0.0,1.86,0.084,22.6,87.6,0.99811,3.19,0.54,8.4,5
8.92,0.4,0.4,0.93,0.151,35.2,96.9,0.99719,3.25,0.84,9.7,6
7.71,0.365,0.25,2.22,0.172,10.3,37.7,0.99741,3.44,0.5,8.8,5
10.39,0.572,0.57,3.28,0.097,22.9,68.6,0.99495,3.38,0.78,11.4,6
7.35,0.594,0.35,1.28,0.082,16.5,59.2,0.99543,3.28,0.83,11.6,7
8.45,0.48,0.0,1.82,0.075,9.5,9.4,0.99637,3.39,0.54,10.2,6
9.32,0.5,0.34,5.27,0.154,11.4,47.1,0.99771,3.2,0.76,10.6,5
6.13,0.513,0.17,1.25,0.158,68.6,176.8,0.99723,3.36,0.55,10.2,5
9.58,0.681,0.05,1.78,0.081,5.0,21.0,0.99904,3.22,0.5,8.8,5
6.68,0.81,0.23,4.35,0.144,22.7,70.5,0.99708,3.39,0.66,10.4,5
6.5,0.34,0.5,2.74,0.197,4.6,6.0,0.99696,3.43,0.69,10.3,6
7.98,0.644,0.48,1.16,0.079,10.8,17.1,0.99856,3.4,0.63,9.4,5
8.26,0.538,0.41,2.8,0.089,10.4,22.6,0.99813,3.28,0.69,9.0,6
8.75,0.636,0.19,3.98,0.053,22.5,74.2,0.99696,3.32,0.47,10.0,5
9.58,0.462,0.57,2.45,0.127,10.4,24.2,0.99771,3.33,0.46,9.7,5
7.91,0.381,0.2,3.15,0.073,12.8,35.4,0.99696,3.42,0.52,10.0,5
9.02,0.603,0.22,1.42,0.087,7.4,9.9,0.99695,3.35,0.72,10.7,6
9.1,0.521,0.09,2.6,0.12,24.1,85.9,0.99614,3.33,0.68,10.8,7
9.61,0.908,0.11,3.65,0.071,20.6,53.7,0.99743,3.34,0.7,8.9,5
8.64,0.651,0.42,2.87,0.051,7.0,17.6,0.9996,3.3,0.73,8.7,5
11.38,0.582,0.26,1.93,0.191,25.3,83.9,0.99653,3.32,0.57,11.3,6
5.42,0.632,0.36,2.14,0.078,12.3,47.7,0.9958,3.24,0.65,10.3,5
6.64,0.554,0.06,1.22,0.08,8.3,21.1,0.99903,3.51,0.77,8.4,4
10.7,0.544,0.34,2.15,0.175,8.9,13.4,0.99664,3.2,0.63,10.5,7
7.68,0.877,0.1,1.2,0.135,56.8,160.0,0.99693,3.31,0.67,10.4,5
10.32,0.698,0.31,1.53,0.111,34.6,132.8,0.99758,3.22,0.47,10.5,5
7.04,0.419,0.59,2.71,0.082,18.6,54.9,0.99864,3.25,0.59,9.2,6
10.38,0.649,0.25,6.01,0.071,9.7,32.6,0.99657,3.38,0.67,9.6,6
8.0,0.862,0.21,1.37,0.114,24.8,60.5,0.9972,3.3,0.77,9.6,6
5.26,0.498,0.08,1.94,0.134,11.1,28.2,0.99733,3.37,0.57,9.9,6
7.31,0.471,0.36,2.55,0.156,8.9,29.2,0.99824,3.24,0.81,9.3,5
10.58,0.648,0.17,1.67,0.107,13.4,36.5,0.99804,3.31,0.54,10.4,6
10.14,0.619,0.11,2.22,0.21,18.7,51.6,0.99662,3.41,0.66,9.3,5
9.21,0.506,0.22,1.17,0.138,4.4,14.6,0.9976,3.17,0.77,9.2,5
7.69,0.575,0.17,1.85,0.086,9.1,27.5,0.99865,3.21,0.7,8.5,6
12.57,0.667,0.41,1.84,0.118,15.4,44.4,0.99757,3.4,0.6,10.6,5
9.5,0.375,0.07,1.34,0.123,13.5,50.8,0.99685,3.25,0.61,11.7,7
9.16,0.575,0.54,4.16,0.148,7.2,17.4,0.99794,3.28,0.5,9.5,6
8.65,0.736,0.67,3.81,0.074,13.1,37.2,0.99892,3.29,0.74,8.4,6
10.4,0.502,0.36,3.58,0.241,51.7,179.2,0.99765,3.23,0.81,9.9,6
9.87,0.395,0.25,2.33,0.082,5.9,24.6,0.99981,3.37,0.47,8.5,5
8.87,0.571,0.45,4.29,0.269,10.9,39.3,0.99712,3.27,0.67,10.3,5
6.58,0.828,0.12,0.9,0.108,18.1,71.7,0.9965,3.32,0.46,9.9,5
8.1,0.913,0.28,2.63,0.135,26.5,90.8,0.99982,3.17,0.59,8.4,4
9.85,0.753,0.2,2.6,0.082,14.8,53.8,0.99752,3.29,0.67,9.6,6
10.38,0.877,0.42,0.9,0.179,6.3,24.4,0.99497,3.39,0.56,11.2,5
9.67,0.633,0.35,2.28,0.083,23.2,78.9,0.99662,3.29,0.74,10.6,7
7.88,0.568,0.18,1.58,0.08,23.2,93.7,0.99694,3.24,0.62,10.0,5
9.82,0.525,0.18,1.43,0.165,8.4,18.2,0.99642,3.4,0.79,10.5,6
7.01,0.722,0.34,2.29,0.175,25.4,71.4,0.99674,3.41,0.54,10.8,6
6.98,0.735,0.18,2.21,0.385,12.0,41.6,0.99856,3.28,0.67,9.6,5
9.01,0.519,0.42,1.84,0.084,4.7,24.0,0.99951,3.33,0.66,8.4,5
10.56,0.485,0.06,1.8,0.155,9.3,20.2,0.99847,3.56,0.66,9.0,6
9.59,0.706,0.17,1.42,0.109,8.7,33.5,0.99894,3.18,0.57,8.4,5
6.66,0.426,0.19,0.94,0.064,23.1,54.9,0.99818,3.32,0.72,8.4,4
7.88,0.482,0.59,1.5,0.066,6.2,25.5,0.99667,3.35,0.48,11.4,6
8.8,0.443,0.56,0.9,0.123,7.3,35.1,0.99952,3.38,0.59,8.9,6
9.74,0.694,0.17,2.11,0.096,14.8,43.0,0.99831,3.19,0.56,9.3,5
10.33,0.688,0.27,4.98,0.106,26.1,93.3,0.99597,3.29,0.66,11.4,7
10.28,0.12,0.5,0.9,0.043,10.1,37.0,0.99535,3.45,0.59,10.7,7
11.75,0.12,0.2,1.39,0.197,8.1,20.6,0.99573,3.21,0.64,11.8,8
8.41,0.673,0.18,0.9,0.084,25.2,82.1,0.99741,3.32,0.79,10.0,5
8.72,0.561,0.54,3.74,0.135,8.2,13.2,0.99793,3.23,0.56,10.2,5
6.9,0.475,0.23,2.7,0.169,13.4,29.6,0.9966,3.31,0.88,9.9,5
9.25,0.572,0.16,1.12,0.294,23.1,76.1,0.99617,3.28,0.34,10.9,5
9.74,0.49,0.3,1.91,0.184,25.9,65.6,0.99725,3.34,0.69,10.2,6
8.16,0.725,0.38,2.16,0.133,14.1,35.7,0.99591,3.4,0.62,11.7,6
7.21,0.513,0.38,1.21,0.18,8.9,26.9,0.99733,3.19,0.7,9.3,6
5.1,0.445,0.4,3.63,0.113,19.9,39.2,0.99697,3.24,0.76,10.1,6
9.25,0.418,0.23,1.82,0.173,14.0,44.4,0.99959,3.36,0.65,8.7,5
8.27,0.594,0.36,1.65,0.141,11.3,14.8,0.99495,3.34,0.56,11.0,5
8.51,0.493,0.21,1.38,0.119,16.5,44.7,0.99605,3.23,0.68,11.4,5
9.38,0.467,0.32,1.39,0.107,15.3,47.4,0.99659,3.35,0.67,10.8,6
9.7,0.391,0.55,2.54,0.121,9.5,26.9,0.99689,3.37,0.7,9.7,7
8.27,0.435,0.16,1.7,0.106,11.0,47.9,0.99804,3.21,0.65,9.6,5
9.95,0.303,0.27,5.22,0.187,9.0,6.0,0.99684,3.29,0.71,10.7,5
9.11,0.631,0.23,5.6,0.347,17.4,64.7,0.99645,3.51,0.59,9.7,5
7.45,0.54,0.28,4.44,0.184,33.6,136.4,0.99938,3.32,0.66,8.4,7
4.7,0.53,0.16,1.83,0.095,6.8,10.4,0.99694,3.45,0.47,10.1,5
9.87,0.9,0.26,2.86,0.143,47.9,126.3,0.99672,3.41,0.43,11.0,5
6.09,0.428,0.74,1.97,0.161,6.5,31.1,0.99809,3.41,0.62,8.9,6
6.6,0.395,0.16,3.03,0.101,33.4,95.1,0.99936,3.29,0.8,9.2,5
7.15,0.714,0.04,1.54,0.134,8.7,36.3,0.99684,3.46,0.66,9.8,5
9.25,0.654,0.15,1.19,0.098,13.8,45.0,0.99681,3.32,0.33,10.1,5
8.42,0.423,0.26,3.84,0.048,10.6,23.3,0.99678,3.35,0.83,11.0,7
8.79,0.691,0.24,1.2,0.166,16.3,55.4,0.99826,3.17,0.48,9.1,5
7.51,0.761,0.41,2.61,0.122,7.7,10.9,0.99716,3.22,0.76,10.5,6
7.53,0.714,0.35,1.46,0.162,10.2,18.3,0.9973,3.18,0.53,10.1,5
8.77,0.511,0.04,0.9,0.104,12.7,30.0,0.99704,3.19,0.53,10.1,6
7.44,0.675,0.11,2.05,0.09,11.5,32.4,0.99718,3.37,0.69,8.8,5
7.18,0.689,0.03,5.09,0.116,15.6,33.0,0.99879,3.37,0.49,8.4,5
9.1,0.98,0.12,1.86,0.139,9.0,24.4,0.99936,3.1,0.59,8.4,4
9.42,0.607,0.25,2.22,0.098,15.2,30.0,0.99928,3.25,0.76,8.4,5
10.03,0.466,0.84,2.51,0.111,8.9,34.7,0.99866,3.44,0.73,9.1,7
9.98,0.52,0.39,3.17,0.061,7.7,28.9,0.99769,3.19,0.61,9.4,5
10.89,0.648,0.41,1.96,0.091,27.2,61.3,0.99819,3.27,0.84,9.9,6
10.09,0.554,0.38,3.86,0.094,72.0,248.1,0.99795,3.07,0.56,9.1,6
8.16,0.599,0.33,0.9,0.198,26.6,85.1,0.9992,3.2,0.64,8.4,5
10.13,0.793,0.35,3.26,0.127,9.3,40.0,0.99813,3.39,0.52,8.8,5
8.94,0.643,0.26,1.16,0.149,9.7,11.1,0.99801,3.33,0.55,9.2,5
9.35,0.662,0.14,1.69,0.095,21.7,47.5,0.99698,3.32,0.94,9.7,5
10.04,0.579,0.5,1.19,0.171,6.9,30.9,0.99633,3.36,0.62,10.3,6
9.28,0.529,0.38,1.65,0.106,21.9,73.0,0.9963,3.28,0.76,10.6,5
8.58,0.599,0.43,4.44,0.074,15.4,58.4,0.99815,3.43,0.8,8.4,5
8.9,0.604,0.16,1.4,0.102,22.9,58.7,0.99696,3.14,0.54,10.2,5
8.64,0.693,0.24,0.9,0.193,5.8,18.0,0.99666,3.36,0.63,10.9,6
7.41,0.531,0.35,2.01,0.114,26.1,75.0,0.99673,3.33,0.37,10.0,6
5.9,0.381,0.29,1.14,0.238,15.8,33.4,0.99694,3.32,0.61,10.9,5
7.77,0.794,0.05,2.4,0.143,19.5,43.4,0.99809,3.31,0.58,9.1,4
8.56,0.867,0.38,2.19,0.121,18.0,60.0,0.99887,3.4,0.82,9.0,5
8.23,0.457,0.31,2.65,0.171,18.5,61.3,0.9979,3.49,0.58,10.4,7
9.77,0.587,0.14,5.17,0.086,10.0,26.3,0.99554,3.23,0.63,9.2,6
9.26,0.49,0.3,0.9,0.09,15.7,39.4,0.99631,3.17,0.74,9.8,6
6.52,0.133,0.48,1.44,0.156,11.0,39.1,0.99758,3.31,0.8,10.1,7
6.07,0.785,0.57,4.77,0.086,29.7,71.0,0.99913,3.41,0.66,9.0,5
8.52,0.718,0.63,2.77,0.152,10.2,20.0,0.99851,3.41,0.57,8.4,5
4.62,0.609,0.55,2.39,0.084,19.5,49.4,0.99879,3.46,0.64,9.0,6
6.54,0.627,0.35,3.37,0.076,6.9,30.6,0.99601,3.49,0.41,10.1,5
7.21,0.755,0.0,6.59,0.087,19.1,51.5,0.99682,3.39,0.83,10.4,5
11.49,0.408,0.38,3.29,0.061,17.7,52.6,0.99757,3.15,0.65,9.7,6
8.07,0.603,0.46,2.85,0.217,23.0,69.0,0.99908,3.3,0.8,8.7,7
7.5,0.861,0.37,0.9,0.021,4.0,21.3,0.99613,3.3,0.49,11.7,7
7.74,0.545,0.29,3.2,0.163,10.7,22.9,0.99858,3.25,0.71,9.6,6
8.39,0.772,0.56,1.87,0.218,18.8,61.8,0.99682,3.34,0.67,11.0,5
9.82,0.534,0.23,1.6,0.102,8.7,29.9,0.9959,3.4,0.66,9.6,5
4.93,0.549,0.12,2.92,0.146,14.1,40.5,0.99861,3.48,0.51,8.8,5
8.78,0.526,0.3,3.39,0.076,13.3,29.8,0.99638,3.3,0.43,10.3,6
9.88,0.78,0.04,2.6,0.225,28.5,67.2,0.99767,3.29,0.61,9.1,5
6.55,0.944,0.0,3.77,0.219,25.4,61.4,0.99834,3.46,0.72,8.4,4
7.72,0.664,0.27,3.44,0.149,8.5,15.8,0.99772,3.43,0.86,9.2,6
7.43,0.533,0.42,2.26,0.103,20.7,73.6,0.99429,3.23,0.55,11.6,6
7.46,0.313,0.27,2.56,0.157,18.1,54.0,0.99584,3.25,0.67,9.6,7
11.37,0.816,0.26,0.9,0.072,6.0,20.8,0.99697,3.33,0.55,10.1,5
8.71,1.046,0.24,3.87,0.157,34.0,91.2,0.99887,3.33,0.49,8.5,4
6.68,0.673,0.13,0.98,0.092,11.9,41.1,0.99554,3.34,0.74,10.2,5
6.7,0.577,0.12,3.0,0.129,5.6,28.8,0.99807,3.27,0.77,8.9,5
9.39,0.644,0.22,1.22,0.105,5.9,17.6,0.99709,3.25,0.66,9.6,5
10.22,0.519,0.44,1.75,0.129,7.3,34.4,0.99586,3.11,0.78,11.3,6
10.5,0.649,0.05,2.01,0.15,22.2,75.4,0.99857,3.24,0.54,8.4,4
11.47,0.481,0.49,3.62,0.23,18.2,40.9,0.99756,3.32,0.59,9.3,6
8.81,0.701,0.2,0.9,0.23,7.5,14.3,0.99882,,0.93,8.7,6
9.28,0.813,0.42,6.65,0.066,17.0,46.7,0.99724,3.11,0.56,10.5,7
9.13,0.393,0.14,3.18,0.118,11.6,50.6,0.99894,3.18,0.8,8.6,5
7.18,0.475,0.61,2.3,0.208,9.8,32.1,0.99868,3.27,0.87,8.7,5
7.09,0.889,0.28,2.53,0.287,27.9,61.8,0.99684,3.2,0.84,9.9,6
7.47,0.611,0.16,7.86,0.304,40.8,111.3,0.99843,3.23,0.67,9.1,5
7.11,0.59,0.08,0.9,0.194,13.8,56.6,0.99732,3.27,0.76,10.1,6
8.62,0.825,0.25,3.23,0.134,15.7,46.2,0.99906,3.35,0.78,9.0,5
7.61,0.237,0.24,5.18,0.105,10.1,31.6,0.99565,3.18,0.76,10.6,6
10.18,0.471,0.05,1.89,0.213,8.6,41.4,0.99939,3.24,0.53,8.4,5
11.02,0.546,0.09,0.9,0.052,4.3,12.1,0.99633,3.25,0.62,10.9,6
7.15,0.737,0.38,2.79,0.172,13.8,44.4,0.99508,3.41,0.63,11.1,5
10.11,0.527,0.0,3.06,0.161,20.8,65.5,0.99759,3.11,1.01,9.7,7
9.58,0.739,0.0,2.0,0.075,6.1,16.4,0.99657,3.43,0.64,11.6,6
8.15,0.677,0.12,1.93,0.064,21.8,49.8,0.99924,3.27,0.64,10.0,5
6.83,0.839,0.45,2.95,0.05,9.2,12.4,0.99845,3.45,0.63,10.0,5
9.27,0.514,0.15,4.33,0.174,10.0,25.8,0.99827,3.27,0.74,9.2,5
7.74,0.469,0.32,2.96,0.236,13.1,38.5,0.99593,3.4,0.8,10.7,7
9.99,0.613,0.13,0.91,0.166,14.3,41.5,0.99574,3.47,0.58,11.0,6
7.43,0.687,0.19,1.84,0.146,14.3,51.0,0.99822,3.33,0.69,10.2,6
9.71,0.614,0.18,0.9,0.24,16.1,61.0,0.99703,3.25,0.57,10.6,5
4.6,0.759,0.14,0.92,0.172,14.5,48.9,0.99735,3.36,0.63,8.9,5
7.04,0.418,0.31,8.31,0.315,17.8,51.8,0.99753,3.28,0.74,10.0,5
9.1,0.768,0.5,1.46,0.096,13.6,44.3,0.99686,3.15,0.81,10.4,5
9.87,0.506,0.02,1.08,0.095,20.4,62.6,0.99857,3.28,0.62,8.6,5
9.76,0.567,0.45,1.49,0.067,2.3,14.1,0.99381,3.27,0.66,12.7,7
7.51,0.664,0.2,2.4,0.127,9.0,32.2,0.99847,3.41,0.55,8.4,5
9.68,0.571,0.31,1.27,0.13,25.7,73.4,0.9992,3.48,0.51,8.6,5
12.48,0.73,0.35,2.1,0.095,13.7,62.2,0.9979,3.1,0.62,8.8,5
8.71,0.576,0.2,4.73,0.068,24.5,89.2,0.995,3.33,0.59,10.2,6
10.87,0.36,0.4,2.58,0.104,6.1,21.8,0.99948,3.23,0.84,8.6,6
9.02,0.649,0.23,2.53,0.088,2.4,15.3,0.99689,3.2,0.71,10.7,5
9.45,0.417,0.39,1.64,0.047,26.2,84.2,0.99694,3.29,0.56,10.7,7
7.3,0.988,0.31,2.4,0.1,18.3,42.4,0.99785,3.15,0.66,10.1,5
7.29,0.656,0.32,1.08,0.071,9.2,50.6,0.99875,3.32,0.64,8.7,5
6.8,0.475,0.0,10.34,0.065,13.3,35.3,0.99787,3.35,0.45,10.1,5
9.0,0.603,0.22,2.03,0.07,21.2,49.0,0.99898,3.27,0.69,9.7,5
9.11,0.217,0.51,2.33,0.085,10.8,37.8,0.99735,3.22,0.83,10.2,7
7.27,0.487,0.41,3.48,0.135,7.2,11.8,0.99522,3.38,0.5,11.6,6
7.74,0.602,0.36,4.19,0.117,14.4,35.4,0.9982,3.28,0.48,9.2,5
6.07,0.601,0.91,1.66,0.139,7.4,6.0,1.00001,3.37,0.66,9.1,6
10.43,0.621,0.28,0.9,0.174,21.6,68.1,0.99606,3.21,0.65,11.1,6
9.02,0.509,0.31,3.71,0.128,12.5,21.9,0.99605,3.32,0.7,10.7,6
9.91,0.258,0.53,2.65,0.119,11.5,40.9,0.99472,3.34,0.73,11.2,7
8.89,0.523,0.19,1.89,0.1,7.5,23.9,0.99789,3.34,0.52,10.2,5
8.81,0.522,0.44,2.18,0.177,1.0,6.0,0.9968,3.29,0.6,9.2,5
8.13,0.531,0.16,2.17,0.181,16.7,49.1,0.99607,3.43,0.55,10.3,7
10.63,0.381,0.34,3.29,0.107,16.9,34.5,0.99764,3.35,0.59,10.1,6
8.42,0.263,0.31,2.17,0.071,6.8,17.4,0.99799,3.33,0.63,9.7,5
5.67,0.578,0.17,2.94,0.058,12.3,44.4,0.99818,3.35,0.63,8.6,5
7.7,0.522,0.36,1.26,0.08,9.2,19.9,0.99583,3.15,0.73,10.5,6
9.25,0.319,0.34,2.6,0.06,19.1,65.0,0.99767,3.36,0.62,9.6,6
7.78,0.768,0.0,1.21,0.053,9.7,29.6,0.99814,3.14,0.58,9.0,5
9.23,0.581,0.2,2.0,0.057,20.9,50.5,0.9992,3.47,0.81,9.2,6
8.94,0.35,0.0,1.85,0.235,18.7,58.2,0.99897,3.16,0.71,9.4,7
10.43,0.623,0.27,4.46,0.102,20.6,67.5,1.00068,3.22,0.6,8.4,5
8.28,0.673,0.05,3.92,0.188,18.6,63.0,0.99606,3.33,0.63,9.8,6
9.45,0.722,0.24,3.05,0.161,4.0,6.7,0.99637,3.38,0.6,10.1,5
8.28,0.628,0.68,2.38,0.145,13.0,25.0,0.99498,3.44,0.54,12.1,6
7.46,0.601,0.36,3.12,0.119,20.9,57.7,0.99589,3.31,0.78,9.7,6
6.6,0.378,0.12,1.95,0.052,10.9,45.4,0.99775,3.32,0.61,9.3,6
9.96,0.575,0.68,1.48,0.091,8.9,28.9,0.996,3.21,0.46,10.5,6
8.01,0.69,0.31,4.77,0.163,11.9,54.8,0.99787,3.35,0.64,9.8,5
7.0,0.541,0.87,5.18,0.095,5.5,23.1,0.99867,3.4,0.71,8.7,6
9.92,0.771,0.33,1.66,0.112,11.7,35.1,0.99679,3.36,0.79,9.9,5
6.76,0.643,0.15,3.8,0.043,29.1,88.4,0.99483,3.2,0.82,11.3,6
8.2,0.56,0.17,0.9,0.088,18.9,74.9,0.99644,3.35,0.77,10.3,5
6.11,0.51,0.47,6.22,0.108,28.4,98.0,0.99701,3.27,0.73,9.9,7
7.25,0.378,0.29,5.53,0.177,26.0,85.3,0.9974,3.31,0.84,10.3,5
8.05,0.676,0.23,1.28,0.175,16.0,50.9,0.99798,3.37,0.73,9.8,6
9.12,0.729,0.27,4.77,0.1,22.2,70.9,0.99699,3.43,0.78,9.9,5
5.97,0.565,0.24,3.18,0.179,13.6,36.2,0.9973,3.38,0.85,9.6,6
6.38,0.644,0.11,1.18,0.232,17.1,32.3,0.99742,3.27,0.73,10.1,6
7.01,0.734,0.52,1.18,0.107,22.2,46.8,0.99724,3.49,0.71,9.6,5
9.75,0.647,0.39,2.37,0.079,24.2,77.1,0.99891,3.37,0.56,9.3,5
9.18,0.383,0.3,3.0,0.117,3.2,9.7,0.99498,3.14,0.51,12.0,6
7.89,0.515,0.25,4.35,0.13,10.1,16.0,0.99717,3.17,0.55,9.8,5
8.63,0.513,0.28,3.61,0.101,14.9,40.8,0.9971,3.3,0.58,9.8,5
10.18,0.495,0.63,0.9,0.066,5.3,23.9,0.99613,3.29,0.78,10.4,7
7.81,0.645,0.6,2.22,0.317,13.4,18.1,0.9973,3.27,0.79,11.5,6
8.11,0.531,0.37,2.38,0.206,1.8,18.1,0.99792,3.46,0.82,8.9,5
11.1,0.91,0.17,1.55,0.083,21.1,51.6,0.99748,3.21,0.57,9.6,4
8.39,0.835,0.36,2.34,0.233,11.7,30.9,0.99659,3.41,0.38,10.9,5
9.29,0.566,0.55,3.76,0.035,15.5,36.8,0.9971,3.38,0.42,9.5,5
7.22,0.174,0.07,0.92,0.126,18.4,29.6,0.99854,3.16,0.85,9.4,5
9.28,1.006,0.53,2.75,0.368,26.9,61.8,0.99752,3.16,0.68,9.6,5
7.24,0.945,0.2,1.95,0.062,8.7,18.6,0.99923,3.48,0.56,8.9,5
9.15,0.558,0.0,2.34,0.21,16.4,37.4,1.00006,3.35,0.71,8.4,6
8.78,0.421,0.28,3.73,0.059,9.6,24.7,0.99902,3.28,0.61,8.4,5
7.39,0.409,0.11,1.57,0.094,5.8,30.6,0.99729,3.25,0.59,9.0,5
10.96,0.638,0.04,1.66,0.13,4.0,17.5,0.99754,3.32,0.71,10.6,7
7.25,0.636,0.13,3.9,0.117,11.3,12.4,0.99711,3.44,0.66,9.5,5
8.48,0.615,0.6,3.01,0.1,15.2,48.8,0.99655,3.35,0.82,10.2,6
10.41,0.46,0.11,2.11,0.079,20.1,51.9,0.99741,3.17,0.64,9.6,5
6.89,0.757,0.3,3.62,0.153,21.7,52.4,0.99792,3.19,0.65,8.7,4
11.76,0.26,0.72,1.67,0.223,10.7,13.8,0.99652,3.26,0.59,9.7,6
10.34,0.533,0.4,2.55,0.083,17.2,62.9,0.99637,3.24,0.8,9.6,5
9.42,0.687,0.2,2.79,0.141,2.3,6.5,0.99936,3.2,0.43,8.4,4
9.4,0.725,0.27,1.09,0.201,15.8,49.6,0.99936,3.21,0.52,9.2,6
9.64,0.734,0.4,1.26,0.109,9.6,30.3,0.99698,3.24,0.56,10.3,5
6.49,0.581,0.37,9.68,0.114,18.0,56.0,0.99683,3.48,0.55,11.3,7
9.99,0.672,0.33,2.26,0.09,9.0,20.7,0.99767,3.3,0.65,10.0,6
11.0,0.728,0.29,1.91,0.144,10.4,34.5,0.9953,3.48,0.65,10.6,6
7.87,0.665,0.3,6.29,0.082,29.3,91.7,0.99816,3.49,0.74,9.4,7
10.04,0.406,0.32,1.81,0.124,20.1,46.9,0.9982,3.35,0.78,9.4,5
9.76,0.784,0.0,2.23,0.198,7.9,29.9,0.99739,3.33,0.75,10.6,6
6.71,0.729,0.31,2.39,0.137,34.7,90.0,0.99674,3.33,0.61,11.2,5
8.91,0.638,0.45,3.25,0.295,19.2,42.7,0.99568,3.22,0.63,10.5,6
9.89,0.495,0.0,0.94,0.172,23.8,82.9,0.99894,3.33,0.57,8.4,5
11.46,0.454,0.29,7.17,0.178,15.8,54.7,0.99552,3.48,0.53,11.0,6
7.47,0.588,0.28,4.3,0.082,16.0,30.3,0.99848,3.37,0.72,8.4,6
8.79,0.484,0.43,3.06,0.145,25.2,63.7,0.99508,3.27,0.63,12.6,7
9.36,0.736,0.0,2.48,0.247,22.5,59.6,0.99775,3.42,0.56,8.6,5
10.4,0.885,0.01,1.02,0.2,16.6,62.4,0.99905,3.24,0.72,8.4,5
8.37,0.535,0.02,3.88,0.188,24.1,60.0,0.99948,3.41,0.63,8.6,5
8.93,0.61,0.25,1.13,0.081,6.4,7.9,0.99633,3.42,0.75,10.9,6
10.52,0.601,0.05,0.9,0.065,17.9,34.3,0.99645,3.4,0.72,10.7,6
9.3,0.801,0.47,3.74,0.079,18.8,44.8,0.99779,3.42,0.76,8.8,6
9.72,0.395,0.09,1.55,0.238,19.7,68.8,0.99601,3.2,0.49,10.7,5
10.81,0.47,0.49,0.99,0.304,23.2,78.8,0.99735,3.32,0.71,10.4,5
9.29,0.569,0.28,3.53,0.131,14.6,52.3,0.99726,3.36,0.73,9.0,6
6.89,0.617,0.26,1.42,0.155,5.1,7.3,0.99804,3.11,0.45,9.7,5
9.71,0.673,0.28,2.05,0.196,21.3,75.4,0.99814,3.28,0.71,9.6,6
8.96,0.582,0.0,3.89,0.227,7.3,13.5,0.997,3.34,0.9,9.4,6
7.08,0.661,0.3,5.71,0.137,19.7,68.8,0.99807,3.41,0.69,9.4,6
8.7,0.499,0.3,2.37,0.086,28.4,84.2,0.99929,3.2,0.67,8.4,5
7.29,0.836,0.35,2.17,0.214,25.8,95.9,0.99656,3.32,0.85,11.0,6
9.06,0.88,0.01,2.81,0.075,20.2,63.0,0.99631,3.21,0.85,10.7,5
7.92,0.686,0.4,0.9,0.057,23.1,67.2,0.99793,3.49,0.51,8.4,5
7.97,0.489,0.15,0.9,0.076,13.4,40.4,0.99707,3.21,0.77,9.4,6
8.47,0.505,0.31,3.44,0.106,9.9,30.6,0.99821,3.41,0.72,9.2,5
6.6,0.541,0.0,1.43,0.114,16.6,66.2,0.99878,3.47,0.68,9.8,5
7.86,0.545,0.27,4.85,0.192,16.9,54.0,0.99856,3.33,0.57,9.6,5
8.35,0.598,0.41,1.17,0.124,10.8,41.6,0.99724,3.25,0.74,10.2,6
6.86,0.22,0.52,2.69,0.266,26.8,91.8,0.99792,3.31,0.69,8.9,5
4.85,0.498,0.5,1.76,0.135,24.2,68.6,0.99676,3.42,0.81,10.8,6
4.6,0.773,0.24,2.8,0.139,13.8,43.3,0.99854,3.27,0.53,9.7,5
7.77,0.557,0.26,1.83,0.116,15.5,52.8,0.99634,3.32,0.63,11.1,5
8.0,0.574,0.41,0.9,0.139,13.5,39.4,0.9968,3.41,0.55,10.1,7
9.37,0.762,0.18,1.31,0.122,11.0,57.8,0.99753,3.26,0.49,10.1,5
9.35,0.575,0.53,2.89,0.089,19.0,43.4,0.99613,3.33,0.46,9.9,7
8.72,0.587,0.61,2.4,0.056,11.3,14.5,0.99807,3.45,0.64,9.2,6
9.06,0.639,0.46,1.73,0.077,10.3,33.0,0.99747,3.35,0.8,8.5,6
11.35,0.856,0.16,1.08,0.11,7.5,17.9,0.99948,3.27,0.53,9.0,5
5.17,0.655,0.0,0.93,0.164,21.3,73.2,0.99622,3.46,0.47,11.1,6
8.48,0.769,0.21,2.26,0.076,29.3,67.1,0.99628,3.26,0.4,10.3,4
7.09,0.772,0.4,3.64,0.054,14.1,46.3,0.99857,3.4,0.33,9.4,5
5.89,0.411,0.6,1.39,0.087,27.0,98.8,0.99697,3.27,0.61,10.6,6
10.63,0.709,0.22,2.32,0.125,23.4,68.1,0.99626,3.33,0.48,10.1,5
8.75,0.665,0.15,1.33,0.072,1.0,7.6,0.99829,3.39,0.85,10.1,6
8.47,0.549,0.36,0.9,0.141,10.6,21.4,1.00021,3.36,0.77,8.5,6
8.37,0.462,0.26,1.54,0.138,16.9,40.8,0.99699,3.48,0.66,9.5,6
10.2,0.727,0.09,1.61,0.084,20.0,43.9,0.99783,3.25,0.53,9.2,6
7.84,0.792,0.41,3.55,0.1,11.1,39.8,0.99685,3.16,0.62,10.3,5
7.11,0.708,0.44,1.72,0.133,21.9,64.8,0.99757,3.34,0.68,9.7,5
8.53,0.724,0.28,1.44,0.118,15.0,57.3,0.99631,3.35,0.48,11.0,5
6.99,0.547,0.49,3.73,0.099,8.1,16.9,0.99757,3.23,0.66,9.9,6
5.09,0.516,0.04,2.65,0.152,18.3,35.2,0.99808,3.2,0.61,8.8,5
5.76,0.539,0.23,1.78,0.104,14.8,44.8,0.99664,3.29,0.86,10.5,6
10.13,0.786,0.64,2.87,0.24,6.5,32.8,0.99582,3.34,0.78,11.5,5
10.33,0.305,0.38,1.29,0.088,6.7,27.6,0.99773,3.41,0.7,9.8,6
8.25,0.45,0.4,3.53,0.184,18.0,66.4,0.99896,3.27,0.85,10.7,7
6.8,0.604,0.23,2.15,0.162,22.9,77.5,0.99817,3.33,0.76,10.6,7
8.67,0.665,0.11,6.88,0.171,16.2,44.2,0.99901,3.37,0.59,9.2,5
7.25,0.512,0.39,1.31,0.145,18.1,55.2,0.99696,3.3,0.72,9.3,5
5.96,0.421,0.3,4.1,0.073,13.4,26.0,0.99461,3.32,0.97,11.9,6
9.79,0.494,0.24,0.9,0.075,19.2,45.1,0.99612,3.28,0.49,11.0,6
9.74,0.315,0.25,1.65,0.243,12.0,23.0,0.99611,3.17,0.78,10.9,6
10.97,0.75,0.39,2.2,0.183,20.5,75.2,0.99814,3.19,0.56,9.1,6
7.69,0.636,0.34,5.64,0.068,16.6,44.1,0.99879,3.33,0.33,9.6,6
4.73,0.704,0.53,1.65,0.174,15.1,45.7,0.99708,3.43,0.84,11.0,6
10.49,0.996,0.23,6.12,0.233,10.9,38.2,0.99939,3.24,0.59,8.4,4
8.86,0.536,0.25,0.9,0.051,10.3,38.1,0.99885,3.23,0.72,9.2,6
6.44,0.57,0.42,1.55,0.052,12.4,31.0,0.99782,3.3,0.52,9.1,5
7.15,0.651,0.03,2.27,0.123,13.7,38.4,0.999,3.29,0.44,8.9,6
5.27,0.501,0.27,1.62,0.263,22.9,49.9,0.99636,3.33,0.58,9.8,5
9.66,0.605,0.49,2.44,0.131,6.6,9.8,0.99659,3.17,0.62,10.3,5
10.71,0.719,0.34,1.31,0.091,25.3,73.8,0.99775,3.37,0.47,9.3,6
5.32,0.633,0.15,3.21,0.087,27.8,86.8,0.99769,3.31,0.71,9.0,6
7.07,0.621,0.09,3.69,0.153,17.7,46.9,0.99736,3.29,0.77,9.7,5
9.17,0.473,0.47,1.05,0.122,10.9,30.3,0.99592,3.42,0.84,11.4,6
11.93,0.569,0.3,1.65,0.068,11.5,22.9,0.99768,3.21,0.76,10.2,6
11.27,0.584,0.35,3.58,0.076,58.0,193.3,0.99776,3.25,0.38,9.0,5
6.13,0.402,0.3,1.47,0.116,17.7,54.5,0.99904,3.37,0.79,8.6,6
6.37,0.565,0.0,1.06,0.107,11.1,37.4,0.99706,3.3,0.52,10.1,7
6.07,0.769,0.35,1.65,0.13,12.4,40.1,0.99821,3.36,0.82,9.4,6
6.65,0.534,0.31,2.07,0.115,28.0,99.3,0.99838,3.2,0.75,9.1,5
8.59,0.337,0.24,1.85,0.05,20.4,70.7,0.99615,3.17,0.53,10.5,5
9.23,0.406,0.01,1.83,0.075,16.1,33.6,0.99807,3.41,0.47,10.0,5
9.61,0.395,0.61,4.34,0.088,10.8,31.0,0.99677,3.2,0.69,10.5,6
6.97,0.621,0.31,2.4,0.139,18.3,37.5,0.997,3.2,0.62,9.2,5
10.19,0.554,0.44,2.52,0.125,25.9,88.1,0.99742,3.36,0.59,10.1,5
7.49,0.771,0.11,4.84,0.097,7.6,12.4,0.99741,3.39,0.79,9.0,5
10.35,0.488,0.35,0.9,0.156,22.5,66.3,0.99511,3.15,0.62,11.0,6
9.99,0.356,0.27,1.91,0.129,17.5,56.8,0.99653,3.34,0.63,10.1,6
10.08,0.54,0.3,4.51,0.152,4.3,25.4,0.99791,3.31,0.56,9.4,6
6.59,0.587,0.69,5.18,0.138,11.0,29.5,0.99829,3.36,0.62,9.4,5
7.81,0.651,0.2,1.43,0.051,9.5,22.5,0.99621,3.31,0.71,10.9,6
8.16,0.693,0.41,3.16,0.136,15.6,8.4,0.99565,3.35,0.8,10.1,6
8.25,0.652,0.25,1.09,0.065,25.7,74.9,0.99686,3.41,0.73,9.5,6
9.19,0.759,0.54,3.72,0.301,13.0,32.1,0.9978,3.35,0.65,9.6,5
7.92,0.554,0.58,1.03,0.106,19.9,54.3,0.99697,3.25,0.78,9.7,5
9.82,0.581,0.2,2.07,0.113,10.8,23.3,0.99647,3.24,0.76,10.9,6
5.93,0.642,0.13,2.14,0.204,6.5,9.1,0.99858,3.3,0.59,8.5,6
8.84,0.378,0.38,1.87,0.083,18.9,58.9,0.99406,3.53,0.6,12.4,6
5.67,0.46,0.14,2.25,0.128,14.2,32.6,0.99411,3.32,0.86,12.0,6
7.05,0.656,0.33,2.21,0.218,17.8,47.2,0.99673,3.3,0.69,10.1,5
8.79,0.468,0.42,2.05,0.064,16.2,34.2,0.99553,3.13,0.66,9.8,5
9.72,0.963,0.21,3.33,0.062,33.1,100.1,0.99666,3.45,0.59,9.6,5
7.33,0.571,0.39,2.95,0.04,12.4,49.9,0.99589,3.27,0.57,10.9,6
8.63,0.428,0.43,2.75,0.048,7.3,45.4,0.99852,3.28,0.53,8.6,7
8.26,0.563,0.38,5.33,0.119,12.6,43.6,0.99866,3.33,0.8,9.2,6
7.65,0.933,0.57,1.46,0.064,22.2,67.6,0.99738,3.07,0.74,10.0,5
8.62,0.589,0.51,1.12,0.13,16.9,49.2,0.99674,3.27,0.88,10.6,5
6.73,0.424,0.25,0.9,0.118,10.7,35.0,0.99626,3.46,0.54,10.8,6
10.12,0.67,0.26,2.07,0.078,8.8,20.9,0.99649,3.56,0.59,10.3,5
7.05,0.45,0.34,2.88,0.156,8.7,16.0,0.99723,3.22,0.63,10.8,6
8.68,0.455,0.4,2.84,0.088,24.2,74.9,0.99718,3.38,0.7,10.2,6
6.97,0.587,0.33,3.01,0.152,30.4,91.2,0.9967,3.21,0.62,10.9,6
8.07,0.852,0.32,1.02,0.142,11.0,29.9,0.99683,3.31,0.65,10.3,5
8.7,0.406,0.16,2.27,0.098,15.4,61.2,0.99742,3.33,0.82,10.0,6
5.93,0.591,0.34,1.6,0.093,3.2,6.7,0.9988,3.55,0.7,8.8,6
8.81,0.739,0.42,2.2,0.098,9.7,22.3,1.00036,3.19,0.85,8.4,5
11.72,0.768,0.31,2.69,0.219,8.7,24.7,0.99729,3.28,0.52,9.3,5
7.9,0.605,0.65,0.9,0.09,8.1,27.2,0.99929,3.36,0.7,9.3,5
7.36,0.662,0.07,2.52,0.15,7.2,18.4,0.99761,3.29,0.7,8.7,6
9.41,0.563,0.66,2.84,0.067,7.6,13.6,0.99551,3.42,0.72,10.8,6
7.57,0.76,0.06,3.44,0.064,6.1,34.2,0.99933,3.31,0.63,9.1,5
6.86,0.467,0.51,2.64,0.096,15.3,54.7,0.99608,3.25,0.64,11.7,6
7.99,1.039,0.27,3.97,0.06,6.1,23.9,0.99746,3.41,0.81,9.6,7
7.78,0.82,0.53,2.6,0.082,16.6,31.6,1.00017,3.26,0.7,9.2,5
11.67,0.289,0.1,3.73,0.06,15.4,55.7,0.99648,3.25,0.63,11.2,7
5.9,0.277,0.3,1.83,0.118,16.2,50.6,0.99934,3.37,0.67,9.0,7
8.8,0.406,0.57,4.62,0.089,3.8,6.3,0.99915,3.23,0.47,9.2,6
8.37,0.645,0.21,4.55,0.143,27.3,89.9,0.99619,3.52,0.63,10.9,6
10.3,0.796,0.58,6.75,0.068,6.8,30.3,0.99669,3.31,0.6,11.5,7
6.33,0.618,0.34,3.79,0.08,29.5,74.5,0.99571,3.38,0.64,11.1,7
9.62,0.793,0.35,3.78,0.101,2.3,13.7,0.99934,3.39,0.63,9.0,6
6.9,0.603,0.03,1.91,0.056,19.7,33.8,0.99481,3.35,0.48,10.7,5
8.73,0.512,0.36,1.41,0.071,8.6,26.1,0.99838,3.24,0.83,9.0,5
5.42,0.709,0.09,2.9,0.146,9.7,25.9,0.99578,3.28,0.62,10.8,6
7.09,0.425,0.08,1.07,0.072,11.2,18.3,0.99742,3.2,0.62,10.5,6
10.16,0.482,0.4,2.13,0.106,16.0,44.9,0.99699,3.3,0.67,10.7,5
8.07,0.482,0.0,2.4,0.135,6.5,25.9,0.99647,3.49,0.91,9.9,5
7.3,0.821,0.39,1.5,0.108,7.8,26.0,0.99729,3.43,0.61,9.8,5
7.19,0.49,0.0,3.93,0.07,18.2,46.5,0.99778,3.4,0.52,10.6,5
9.52,0.616,0.14,2.32,0.139,11.4,46.8,0.99605,3.4,0.59,9.8,5
9.63,0.671,0.34,2.43,0.203,8.4,16.8,0.99619,3.29,0.76,9.9,7
8.77,0.676,0.44,3.45,0.054,6.1,22.6,0.99685,3.44,0.87,10.2,7
6.53,0.615,0.44,1.27,0.137,40.7,101.3,0.99598,3.18,0.84,10.8,5
12.52,0.527,0.04,1.27,0.066,16.0,48.2,0.99833,3.35,0.38,8.7,5
9.35,0.629,0.38,1.64,0.17,17.1,58.8,0.99335,3.23,0.67,12.8,8
10.02,0.705,0.12,2.56,0.098,22.6,73.4,0.99968,3.36,0.61,8.7,5
6.44,0.705,0.41,2.72,0.087,10.8,29.8,0.99648,3.12,0.76,9.9,5
10.04,0.828,0.39,1.59,0.142,25.9,58.9,0.99619,3.37,0.61,11.1,6
5.87,0.537,0.66,1.48,0.075,17.2,60.0,0.99856,3.32,0.61,8.4,5
8.67,0.709,0.31,1.52,0.133,7.5,15.9,0.9982,3.26,0.58,8.4,5
7.37,0.488,0.21,2.58,0.125,6.8,23.8,0.99483,3.34,0.63,11.4,7
8.86,0.629,0.05,1.36,0.091,5.9,15.7,0.9948,3.35,0.55,11.5,6
7.52,0.42,0.09,1.19,0.099,16.7,35.1,0.9988,3.35,0.68,8.7,5
7.44,0.747,0.05,3.95,0.166,20.6,41.9,0.99682,3.25,0.78,10.0,5
11.4,0.799,0.36,2.61,0.061,42.5,126.8,0.99793,3.35,0.78,9.6,5
8.47,0.412,0.27,2.77,0.126,16.2,55.3,0.99495,3.4,0.33,11.1,6
7.4,0.687,0.07,1.76,0.075,20.5,58.4,0.99629,3.14,0.5,9.2,6
7.2,0.825,0.1,3.18,0.209,8.9,24.3,0.99689,3.22,0.63,9.7,5
7.91,0.877,0.15,4.41,0.075,18.6,66.4,0.99859,3.41,0.72,9.1,5
8.03,0.653,0.16,2.82,0.234,50.1,182.6,0.9984,3.12,0.62,9.3,5
7.24,0.757,0.0,2.2,0.137,19.7,62.9,0.99455,3.23,0.62,11.7,6
7.16,0.317,0.06,2.04,0.192,12.1,30.7,0.99926,3.31,0.73,8.4,5
9.95,0.579,0.44,1.35,0.062,3.4,10.3,0.99846,3.22,0.77,9.7,5
10.96,0.721,0.31,1.69,0.145,4.3,6.0,0.99717,3.07,0.73,9.5,5
7.25,0.601,0.25,4.09,0.112,6.7,11.0,0.99539,3.13,0.68,11.0,6
9.85,0.459,0.07,1.22,0.124,22.2,65.6,0.99457,3.37,0.39,10.4,6
8.64,0.835,0.22,2.77,0.116,17.7,68.8,0.99822,3.49,0.59,9.1,5
8.29,0.486,0.1,2.4,0.086,3.6,14.9,0.99672,3.35,0.67,10.3,5
9.42,0.735,0.23,3.69,0.364,25.6,66.2,0.99722,3.3,0.77,9.4,5
8.65,0.571,0.28,1.92,0.1,21.1,77.2,0.9982,3.39,0.74,9.3,5
8.14,0.577,0.25,1.08,0.066,36.2,95.8,0.99774,3.15,0.38,9.5,6
9.07,0.653,0.21,0.9,0.089,13.8,52.2,0.99552,3.19,0.54,11.1,5
11.16,0.49,0.35,1.18,0.074,12.1,38.9,0.99611,3.34,0.84,11.9,7
11.02,0.358,0.37,2.95,0.136,21.7,46.1,0.99718,3.28,0.46,10.4,6
7.17,0.323,0.23,1.29,0.112,4.7,9.0,0.99663,3.37,0.56,10.3,6
7.98,0.587,0.0,1.0,0.057,25.2,60.5,0.99935,3.42,0.55,9.3,5
6.61,0.574,0.08,2.14,0.216,34.5,110.2,0.99659,3.39,0.6,10.3,5
8.25,1.017,0.26,1.47,0.107,21.5,57.0,0.99555,3.15,0.67,10.7,6
8.46,0.351,0.02,3.09,0.14,4.6,10.3,0.99779,3.2,0.86,9.4,6
7.97,0.825,0.47,4.64,0.071,16.0,50.7,0.99786,3.37,0.57,9.6,6
9.86,0.653,0.09,1.01,0.108,9.8,45.9,0.99676,3.46,0.62,11.2,5
7.24,0.636,0.06,2.55,0.509,37.7,76.7,0.99979,3.27,0.73,8.4,5
7.47,0.71,0.62,3.05,0.078,44.3,115.6,0.99753,3.18,0.56,9.6,7
9.41,0.595,0.17,1.62,0.126,20.9,59.1,0.99665,3.34,0.66,10.0,5
5.21,0.521,0.83,2.75,0.164,15.9,38.9,0.99532,3.33,0.67,10.6,6
9.63,0.35,0.52,2.09,0.05,6.7,26.2,0.99602,3.34,1.0,11.7,7
7.18,0.652,0.25,2.43,0.337,24.1,74.7,0.99836,3.23,0.87,9.5,6
8.55,0.636,0.52,1.44,0.079,27.4,98.0,0.99729,3.27,0.67,10.3,5
10.09,0.624,0.27,1.4,0.176,14.1,40.3,0.99666,3.2,0.8,10.7,7
7.27,0.681,0.1,1.1,0.105,24.9,74.0,0.99873,3.19,0.64,9.2,5
8.53,0.394,0.25,1.0,0.164,15.1,35.1,0.99812,3.18,0.57,8.8,5
7.91,0.365,0.25,0.97,0.088,16.0,40.3,0.99557,3.34,0.64,10.3,7
8.37,0.468,0.57,1.32,0.093,4.3,6.0,0.99669,3.32,0.77,10.4,7
7.31,0.509,0.17,2.74,0.107,30.9,109.4,0.99782,3.34,0.87,10.4,7
6.56,0.685,0.23,1.04,0.044,10.6,34.3,0.99836,3.24,0.57,8.8,5
9.24,0.651,0.06,1.73,0.089,11.5,31.1,0.99788,3.38,0.61,10.0,5
5.42,0.596,0.36,4.37,0.085,9.2,42.8,0.99743,3.28,0.76,9.6,4
8.78,0.63,0.37,1.48,0.143,12.6,37.5,0.99541,3.28,0.61,11.2,5
11.08,0.39,0.55,1.47,0.093,6.7,20.7,0.99752,3.28,0.56,9.3,6
12.03,0.528,0.17,1.29,0.124,16.5,42.7,0.99659,3.33,0.75,10.6,7
7.66,0.559,0.46,3.56,0.057,9.8,26.5,0.99669,3.22,0.77,10.3,5
9.84,0.506,0.1,3.59,0.093,8.0,32.0,0.99801,3.09,0.7,9.6,5
9.8,0.736,0.49,2.99,0.269,4.0,15.8,0.99735,3.14,0.5,10.6,5
7.64,0.378,0.15,1.84,0.101,18.7,53.8,0.99756,3.3,0.66,9.6,5
11.46,0.333,0.21,3.26,0.163,25.0,87.5,0.99885,3.13,0.45,9.3,5
9.36,0.442,0.25,2.32,0.203,6.2,19.3,0.99807,3.3,0.48,9.4,5
9.04,0.728,0.32,4.05,0.132,26.7,83.0,0.99547,3.23,0.65,10.6,5
8.22,0.536,0.28,1.42,0.067,3.2,14.2,0.99388,3.14,0.84,12.2,6
8.76,0.819,0.41,1.97,0.12,9.1,24.8,0.99529,3.18,0.59,10.8,5
7.78,0.511,0.18,4.11,0.248,41.5,133.9,0.99944,3.4,0.58,8.8,5
6.22,0.463,0.63,0.9,0.26,4.6,11.5,0.99807,3.48,0.69,8.6,5
10.14,0.619,0.11,2.22,0.21,18.7,51.6,0.99662,3.41,0.66,9.3,5
6.84,0.477,0.2,2.63,0.171,24.3,65.9,0.99532,3.41,0.89,12.4,6
5.7,0.689,0.35,1.45,0.114,31.3,98.9,0.99685,3.25,0.58,10.7,4
6.6,0.611,0.45,1.04,0.107,34.1,113.6,0.99683,3.18,0.54,11.2,6
7.43,0.639,0.06,3.75,0.092,16.6,24.4,0.9978,3.23,0.77,9.3,5
8.5,0.197,0.11,4.88,0.068,49.9,149.7,0.99659,3.33,0.74,11.2,7
11.23,0.557,0.19,1.41,0.08,6.3,20.5,0.99728,3.1,0.52,9.9,7
7.75,0.725,0.11,2.58,0.311,15.1,47.1,0.99648,3.33,0.59,9.9,5
6.27,0.12,0.26,0.9,0.086,15.9,53.3,0.99941,3.29,0.41,9.6,5
7.54,0.698,0.3,1.73,0.108,22.3,60.3,0.99873,3.29,0.68,8.4,6
7.39,0.37,0.18,1.69,0.044,3.6,9.9,0.99494,3.15,0.63,11.7,7
6.03,0.382,0.34,1.89,0.124,20.2,51.7,0.99572,3.45,0.82,11.1,6
7.88,0.556,0.17,3.36,0.098,6.8,26.9,0.99975,3.17,0.96,8.8,6
7.14,0.683,0.02,2.32,0.074,4.3,6.0,0.99973,3.54,0.42,8.4,4
6.17,0.669,0.3,2.53,0.247,14.7,30.4,0.99682,3.43,0.72,10.0,5
9.12,0.727,0.27,1.26,0.19,15.8,49.7,0.99642,3.24,0.6,10.3,5
8.4,0.875,0.31,3.71,0.258,11.4,35.1,0.99705,3.26,0.34,8.7,4
5.59,0.832,0.7,1.81,0.058,26.4,75.5,0.99909,3.37,0.45,9.1,5
8.76,0.739,0.0,2.28,0.061,10.6,17.5,0.99877,3.17,0.62,8.5,6
7.57,0.254,0.06,1.19,0.16,11.7,26.7,0.99801,3.34,0.64,9.1,5
10.82,0.485,0.42,3.29,0.145,17.7,57.4,0.99588,3.2,0.7,10.9,7
8.56,0.462,0.56,0.9,0.128,15.6,30.9,0.99407,3.34,0.63,12.0,6
7.12,0.711,0.62,1.63,0.114,5.3,17.0,0.99829,3.29,0.41,9.4,5
6.11,0.349,0.0,3.48,0.071,11.7,42.5,1.00059,3.53,0.74,8.5,5
4.87,0.483,0.44,2.48,0.071,18.6,58.0,0.99665,3.21,0.51,9.8,6
10.17,0.678,0.08,0.98,0.093,13.7,49.2,0.99856,3.22,0.67,9.2,5
11.17,0.626,0.14,0.9,0.105,11.3,25.8,0.99747,3.5,0.7,9.5,6
8.06,0.792,0.22,2.73,0.058,12.5,46.9,0.99674,3.37,0.71,10.8,5
8.07,0.82,0.07,1.13,0.123,19.8,41.5,0.99556,3.29,0.68,10.1,6
6.21,0.565,0.1,0.95,0.209,18.3,40.2,0.99655,3.26,0.64,10.7,6
9.73,0.815,0.35,1.53,0.198,26.1,49.5,0.99824,3.23,0.8,8.9,5
8.76,0.75,0.02,1.78,0.184,29.3,87.0,0.99741,3.22,0.69,9.8,5
8.8,0.554,0.37,2.74,0.073,14.9,45.2,0.99737,3.37,0.69,9.4,6
8.78,0.479,0.11,2.0,0.102,24.0,70.8,0.99664,3.21,0.8,10.2,5
9.09,0.64,0.25,3.91,0.154,36.9,115.9,0.99655,3.03,0.79,10.4,5
6.93,0.625,0.5,3.26,0.072,12.0,32.2,0.99738,3.3,0.72,9.9,5
8.33,0.681,0.08,1.85,0.139,7.8,42.1,0.99758,3.41,0.6,9.6,5
7.05,0.28,0.32,1.09,0.122,23.0,61.6,0.9969,3.3,0.64,10.4,6
9.28,0.563,0.29,1.94,0.096,4.6,19.4,0.99634,3.34,0.8,11.0,6
10.41,0.46,0.11,2.11,0.079,20.1,51.9,0.99741,3.17,0.64,9.6,5
8.77,0.59,0.29,1.91,0.159,7.8,23.6,0.99863,3.38,0.73,8.5,5
6.01,0.873,0.33,2.69,0.175,32.7,113.5,0.99895,3.44,0.51,9.1,5
8.36,0.449,0.56,5.3,0.143,18.7,57.9,0.99812,3.32,0.77,8.8,5
11.97,0.24,0.4,1.99,0.061,7.7,7.2,0.99684,3.35,0.68,10.5,7
9.1,0.354,0.36,3.92,0.09,9.3,31.9,0.99471,3.36,0.72,11.4,7
